country,Code,year,depression_rate,gdp_per_capita,gini_index
Afghanistan,AFG,1990.0,4.071831,963.0,
Afghanistan,AFG,1991.0,4.079531,881.17,
Afghanistan,AFG,1992.0,4.088358,843.88,
Afghanistan,AFG,1993.0,4.09619,578.4,
Afghanistan,AFG,1994.0,4.099582,428.42,
Afghanistan,AFG,1995.0,4.104207,632.94,
Afghanistan,AFG,1996.0,4.1075,600.18,
Afghanistan,AFG,1997.0,4.110834,570.6,
Afghanistan,AFG,1998.0,4.114438,545.04,
Afghanistan,AFG,1999.0,4.117633,518.66,
Afghanistan,AFG,2000.0,4.11861,502.37,
Afghanistan,AFG,2001.0,4.121381,489.68,
Afghanistan,AFG,2002.0,4.124928,796.82,
Afghanistan,AFG,2003.0,4.12523,842.81,
Afghanistan,AFG,2004.0,4.126384,869.04,
Afghanistan,AFG,2005.0,4.126908,964.41,
Afghanistan,AFG,2006.0,4.128638,1057.1,
Afghanistan,AFG,2007.0,4.129728,1260.0,
Afghanistan,AFG,2008.0,4.129656,1319.61,
Afghanistan,AFG,2009.0,4.129972,1557.32,
Afghanistan,AFG,2010.0,4.130874,1627.67,
Afghanistan,AFG,2011.0,4.130862,1792.0,
Afghanistan,AFG,2012.0,4.132485,1945.0,
Afghanistan,AFG,2013.0,4.134661,2025.0,
Afghanistan,AFG,2014.0,4.133526,2022.0,
Afghanistan,AFG,2015.0,4.135419,1928.0,
Afghanistan,AFG,2016.0,4.135694,1929.0,
Afghanistan,AFG,2017.0,4.136347,2014.75,
Albania,ALB,1990.0,2.139903,3983.0,
Albania,ALB,1991.0,2.141201,2942.1,
Albania,ALB,1992.0,2.143395,2841.77,
Albania,ALB,1993.0,2.145263,3137.02,
Albania,ALB,1994.0,2.15007,3399.71,
Albania,ALB,1995.0,2.154413,3666.65,
Albania,ALB,1996.0,2.16132,3965.69,27.0
Albania,ALB,1997.0,2.170218,3526.99,
Albania,ALB,1998.0,2.17953,3873.37,
Albania,ALB,1999.0,2.188802,4432.04,
Albania,ALB,2000.0,2.195285,4808.48,
Albania,ALB,2001.0,2.201979,5285.81,
Albania,ALB,2002.0,2.208921,5608.96,31.7
Albania,ALB,2003.0,2.216283,6004.65,
Albania,ALB,2004.0,2.222116,6419.87,
Albania,ALB,2005.0,2.223407,6858.47,30.6
Albania,ALB,2006.0,2.222417,7347.33,
Albania,ALB,2007.0,2.217203,7866.16,
Albania,ALB,2008.0,2.210642,8522.13,30.0
Albania,ALB,2009.0,2.206033,8859.47,
Albania,ALB,2010.0,2.203342,9222.97,
Albania,ALB,2011.0,2.202291,9484.0,
Albania,ALB,2012.0,2.202192,9592.0,29.0
Albania,ALB,2013.0,2.203098,9660.0,
Albania,ALB,2014.0,2.203684,9808.0,34.6
Albania,ALB,2015.0,2.204454,10032.0,32.8
Albania,ALB,2016.0,2.206507,10342.0,33.7
Albania,ALB,2017.0,2.208414,10702.12,33.1
Algeria,DZA,1990.0,3.732597,4697.0,
Algeria,DZA,1991.0,3.717979,4708.23,
Algeria,DZA,1992.0,3.706706,4850.22,
Algeria,DZA,1993.0,3.694652,4816.92,
Algeria,DZA,1994.0,3.685278,4856.99,
Algeria,DZA,1995.0,3.679253,5142.38,35.3
Algeria,DZA,1996.0,3.674471,5451.63,
Algeria,DZA,1997.0,3.66957,5638.48,
Algeria,DZA,1998.0,3.666011,6069.78,
Algeria,DZA,1999.0,3.6617,6421.51,
Algeria,DZA,2000.0,3.659603,6834.55,
Algeria,DZA,2001.0,3.658088,7218.25,
Algeria,DZA,2002.0,3.659018,7814.84,
Algeria,DZA,2003.0,3.659229,8590.18,
Algeria,DZA,2004.0,3.659142,9182.29,
Algeria,DZA,2005.0,3.657659,9969.62,
Algeria,DZA,2006.0,3.650926,10385.78,
Algeria,DZA,2007.0,3.639683,10974.74,
Algeria,DZA,2008.0,3.625686,11475.0,
Algeria,DZA,2009.0,3.616783,11907.02,
Algeria,DZA,2010.0,3.613148,12587.74,
Algeria,DZA,2011.0,3.615173,13204.0,27.6
Algeria,DZA,2012.0,3.616605,13379.0,
Algeria,DZA,2013.0,3.622467,13494.0,
Algeria,DZA,2014.0,3.62949,13744.0,
Algeria,DZA,2015.0,3.636962,14004.0,
Algeria,DZA,2016.0,3.647817,14331.0,
Algeria,DZA,2017.0,3.661094,14267.23,
Angola,AGO,1990.0,4.181509,1384.0,
Angola,AGO,1991.0,4.189336,1437.15,
Angola,AGO,1992.0,4.196573,1389.33,
Angola,AGO,1993.0,4.203744,1080.48,
Angola,AGO,1994.0,4.208701,1120.85,
Angola,AGO,1995.0,4.211086,1319.16,
Angola,AGO,1996.0,4.211842,1533.98,
Angola,AGO,1997.0,4.208626,1687.32,
Angola,AGO,1998.0,4.207089,1811.17,
Angola,AGO,1999.0,4.201417,1899.42,
Angola,AGO,2000.0,4.200718,2013.64,52.0
Angola,AGO,2001.0,4.199636,2162.49,
Angola,AGO,2002.0,4.196434,2522.67,
Angola,AGO,2003.0,4.194303,2711.93,
Angola,AGO,2004.0,4.1902,3064.3,
Angola,AGO,2005.0,4.18674,3708.77,
Angola,AGO,2006.0,4.183231,4592.34,
Angola,AGO,2007.0,4.174493,5773.55,
Angola,AGO,2008.0,4.166877,6743.75,42.7
Angola,AGO,2009.0,4.157654,7087.6,
Angola,AGO,2010.0,4.155198,7520.67,
Angola,AGO,2011.0,4.15542,8016.0,
Angola,AGO,2012.0,4.155512,8190.0,
Angola,AGO,2013.0,4.158336,8508.0,
Angola,AGO,2014.0,4.156468,8673.0,
Angola,AGO,2015.0,4.158484,8689.0,
Angola,AGO,2016.0,4.157841,8453.0,
Angola,AGO,2017.0,4.160484,8146.44,
Argentina,ARG,1990.0,3.56918,10254.0,
Argentina,ARG,1991.0,3.579068,11223.98,46.8
Argentina,ARG,1992.0,3.588855,12267.08,45.5
Argentina,ARG,1993.0,3.597366,12926.79,44.9
Argentina,ARG,1994.0,3.606913,13571.38,45.9
Argentina,ARG,1995.0,3.615924,13086.04,48.9
Argentina,ARG,1996.0,3.62656,13715.23,49.5
Argentina,ARG,1997.0,3.636296,14722.65,49.1
Argentina,ARG,1998.0,3.643306,15185.96,50.7
Argentina,ARG,1999.0,3.652057,14577.83,49.8
Argentina,ARG,2000.0,3.657305,14368.94,51.1
Argentina,ARG,2001.0,3.658839,13651.98,53.3
Argentina,ARG,2002.0,3.658971,12094.77,53.8
Argentina,ARG,2003.0,3.658181,13088.57,50.9
Argentina,ARG,2004.0,3.657002,14183.23,48.4
Argentina,ARG,2005.0,3.655549,15344.16,47.7
Argentina,ARG,2006.0,3.653175,16490.47,46.3
Argentina,ARG,2007.0,3.651586,17891.94,46.2
Argentina,ARG,2008.0,3.649862,18520.3,44.9
Argentina,ARG,2009.0,3.64756,17328.98,43.7
Argentina,ARG,2010.0,3.64793,18979.99,43.6
Argentina,ARG,2011.0,3.647499,20003.0,42.6
Argentina,ARG,2012.0,3.648385,19599.0,41.3
Argentina,ARG,2013.0,3.651044,19873.0,40.9
Argentina,ARG,2014.0,3.654178,19183.0,41.6
Argentina,ARG,2015.0,3.657683,19502.0,
Argentina,ARG,2016.0,3.661312,18875.0,42.0
Argentina,ARG,2017.0,3.665488,19200.91,41.1
Armenia,ARM,1990.0,2.642647,9669.0,
Armenia,ARM,1991.0,2.631101,8141.67,
Armenia,ARM,1992.0,2.622601,4699.61,
Armenia,ARM,1993.0,2.615707,4130.15,
Armenia,ARM,1994.0,2.612934,4392.98,
Armenia,ARM,1995.0,2.612533,4703.13,
Armenia,ARM,1996.0,2.616297,4811.49,
Armenia,ARM,1997.0,2.622335,4836.04,
Armenia,ARM,1998.0,2.630749,4994.05,
Armenia,ARM,1999.0,2.642468,5000.45,36.2
Armenia,ARM,2000.0,2.650069,5139.83,
Armenia,ARM,2001.0,2.65792,5457.51,35.4
Armenia,ARM,2002.0,2.66634,6082.15,34.8
Armenia,ARM,2003.0,2.677003,6743.24,33.0
Armenia,ARM,2004.0,2.685217,7229.65,37.5
Armenia,ARM,2005.0,2.692555,8006.96,36.0
Armenia,ARM,2006.0,2.698772,8798.75,29.7
Armenia,ARM,2007.0,2.703805,9713.21,31.2
Armenia,ARM,2008.0,2.707865,10080.81,29.2
Armenia,ARM,2009.0,2.71182,8399.09,28.0
Armenia,ARM,2010.0,2.714179,8330.81,30.0
Armenia,ARM,2011.0,2.718093,8465.0,29.4
Armenia,ARM,2012.0,2.72184,9077.0,29.6
Armenia,ARM,2013.0,2.726631,9385.0,30.6
Armenia,ARM,2014.0,2.734193,9735.0,31.5
Armenia,ARM,2015.0,2.740289,10042.0,32.4
Armenia,ARM,2016.0,2.747315,10080.0,32.5
Armenia,ARM,2017.0,2.754583,10859.38,33.6
Australia,AUS,1990.0,4.621187,27373.0,
Australia,AUS,1991.0,4.671933,26861.28,
Australia,AUS,1992.0,4.715412,27560.18,
Australia,AUS,1993.0,4.754454,28622.48,
Australia,AUS,1994.0,4.783948,29844.17,
Australia,AUS,1995.0,4.804053,30690.06,32.6
Australia,AUS,1996.0,4.810794,31740.47,
Australia,AUS,1997.0,4.810776,32857.99,
Australia,AUS,1998.0,4.801317,34337.14,
Australia,AUS,1999.0,4.796896,35551.02,
Australia,AUS,2000.0,4.803224,36603.05,
Australia,AUS,2001.0,4.823557,37275.99,33.5
Australia,AUS,2002.0,4.854392,38567.07,
Australia,AUS,2003.0,4.892317,39523.66,33.5
Australia,AUS,2004.0,4.920486,40887.73,33.1
Australia,AUS,2005.0,4.929038,41904.45,
Australia,AUS,2006.0,4.923528,42650.99,
Australia,AUS,2007.0,4.906827,44033.58,
Australia,AUS,2008.0,4.882334,44421.64,35.4
Australia,AUS,2009.0,4.857927,44686.54,
Australia,AUS,2010.0,4.83422,45400.22,34.7
Australia,AUS,2011.0,4.813622,46132.0,
Australia,AUS,2012.0,4.79008,46999.0,
Australia,AUS,2013.0,4.759686,47250.0,
Australia,AUS,2014.0,4.731142,47867.0,34.4
Australia,AUS,2015.0,4.696774,48357.0,
Australia,AUS,2016.0,4.659817,48845.0,33.7
Australia,AUS,2017.0,4.623881,49265.61,
Austria,AUT,1990.0,3.606204,26930.0,
Austria,AUT,1991.0,3.615811,27689.77,
Austria,AUT,1992.0,3.622927,28072.44,
Austria,AUT,1993.0,3.627022,28101.23,
Austria,AUT,1994.0,3.627884,28780.76,31.3
Austria,AUT,1995.0,3.624869,29621.68,31.1
Austria,AUT,1996.0,3.612334,30413.16,
Austria,AUT,1997.0,3.581562,31173.05,30.2
Austria,AUT,1998.0,3.544212,32376.33,
Austria,AUT,1999.0,3.505552,33608.3,
Austria,AUT,2000.0,3.473469,34796.26,28.8
Austria,AUT,2001.0,3.448805,35272.22,
Austria,AUT,2002.0,3.425174,35823.59,
Austria,AUT,2003.0,3.402713,36063.12,29.5
Austria,AUT,2004.0,3.380487,36957.11,29.8
Austria,AUT,2005.0,3.361613,37642.76,28.7
Austria,AUT,2006.0,3.344704,38866.85,29.6
Austria,AUT,2007.0,3.327938,40305.27,30.6
Austria,AUT,2008.0,3.311979,40964.79,30.4
Austria,AUT,2009.0,3.298894,39463.66,31.5
Austria,AUT,2010.0,3.290207,40288.35,30.3
Austria,AUT,2011.0,3.284905,41446.0,30.8
Austria,AUT,2012.0,3.278564,41565.0,30.5
Austria,AUT,2013.0,3.273578,41375.0,30.8
Austria,AUT,2014.0,3.26746,41338.0,30.5
Austria,AUT,2015.0,3.264032,41294.0,30.5
Austria,AUT,2016.0,3.262611,41445.0,30.8
Austria,AUT,2017.0,3.26097,42177.37,29.7
Azerbaijan,AZE,1990.0,2.60115,7394.0,
Azerbaijan,AZE,1991.0,2.581908,7319.14,
Azerbaijan,AZE,1992.0,2.566726,5639.0,
Azerbaijan,AZE,1993.0,2.553306,4315.36,
Azerbaijan,AZE,1994.0,2.545511,3453.36,
Azerbaijan,AZE,1995.0,2.5412,2999.32,34.7
Azerbaijan,AZE,1996.0,2.540409,3074.22,
Azerbaijan,AZE,1997.0,2.541498,3347.61,
Azerbaijan,AZE,1998.0,2.543924,3550.36,
Azerbaijan,AZE,1999.0,2.545394,3959.78,
Azerbaijan,AZE,2000.0,2.545851,4214.89,
Azerbaijan,AZE,2001.0,2.546409,4498.79,36.5
Azerbaijan,AZE,2002.0,2.548137,4880.4,25.3
Azerbaijan,AZE,2003.0,2.548794,5408.52,26.8
Azerbaijan,AZE,2004.0,2.551683,5971.47,26.6
Azerbaijan,AZE,2005.0,2.553699,7553.63,26.6
Azerbaijan,AZE,2006.0,2.55103,10160.35,
Azerbaijan,AZE,2007.0,2.54879,12699.5,
Azerbaijan,AZE,2008.0,2.545706,14072.63,
Azerbaijan,AZE,2009.0,2.544036,15384.29,
Azerbaijan,AZE,2010.0,2.542412,16153.84,
Azerbaijan,AZE,2011.0,2.547138,16176.0,
Azerbaijan,AZE,2012.0,2.551568,16359.0,
Azerbaijan,AZE,2013.0,2.557899,17133.0,
Azerbaijan,AZE,2014.0,2.562571,17439.0,
Azerbaijan,AZE,2015.0,2.571226,17460.0,
Azerbaijan,AZE,2016.0,2.580951,16645.0,
Azerbaijan,AZE,2017.0,2.592293,16522.31,
Bahrain,BHR,1990.0,4.224073,6542.0,
Bahrain,BHR,1991.0,4.247715,7059.96,
Bahrain,BHR,1992.0,4.26987,7993.89,
Bahrain,BHR,1993.0,4.289939,9102.07,
Bahrain,BHR,1994.0,4.304652,9935.0,
Bahrain,BHR,1995.0,4.309345,10695.39,
Bahrain,BHR,1996.0,4.313305,11640.82,
Bahrain,BHR,1997.0,4.313701,12528.39,
Bahrain,BHR,1998.0,4.313476,13776.01,
Bahrain,BHR,1999.0,4.312985,15263.76,
Bahrain,BHR,2000.0,4.307965,17021.72,
Bahrain,BHR,2001.0,4.299122,18152.96,
Bahrain,BHR,2002.0,4.279972,19487.84,
Bahrain,BHR,2003.0,4.251721,21391.61,
Bahrain,BHR,2004.0,4.216324,23389.6,
Bahrain,BHR,2005.0,4.181287,25230.9,
Bahrain,BHR,2006.0,4.144456,26840.12,
Bahrain,BHR,2007.0,4.101758,28884.7,
Bahrain,BHR,2008.0,4.056973,30612.5,
Bahrain,BHR,2009.0,4.014388,31729.57,
Bahrain,BHR,2010.0,3.979913,34057.71,
Bahrain,BHR,2011.0,3.957653,36372.0,
Bahrain,BHR,2012.0,3.940631,36949.0,
Bahrain,BHR,2013.0,3.922651,38493.0,
Bahrain,BHR,2014.0,3.906875,39799.0,
Bahrain,BHR,2015.0,3.892511,40483.0,
Bahrain,BHR,2016.0,3.882434,41078.0,
Bahrain,BHR,2017.0,3.879105,40695.72,
Bangladesh,BGD,1990.0,4.165485,1006.0,
Bangladesh,BGD,1991.0,4.146524,1031.43,27.6
Bangladesh,BGD,1992.0,4.134198,1062.46,
Bangladesh,BGD,1993.0,4.127867,1095.66,
Bangladesh,BGD,1994.0,4.122439,1136.42,
Bangladesh,BGD,1995.0,4.119832,1182.95,32.9
Bangladesh,BGD,1996.0,4.13094,1234.08,
Bangladesh,BGD,1997.0,4.15542,1291.51,
Bangladesh,BGD,1998.0,4.189542,1348.15,
Bangladesh,BGD,1999.0,4.218875,1412.98,
Bangladesh,BGD,2000.0,4.231796,1485.31,33.4
Bangladesh,BGD,2001.0,4.232661,1551.2,
Bangladesh,BGD,2002.0,4.232035,1621.27,
Bangladesh,BGD,2003.0,4.233213,1710.73,
Bangladesh,BGD,2004.0,4.230392,1812.62,
Bangladesh,BGD,2005.0,4.229019,1925.61,33.2
Bangladesh,BGD,2006.0,4.227853,2057.7,
Bangladesh,BGD,2007.0,4.226988,2194.42,
Bangladesh,BGD,2008.0,4.224998,2321.05,
Bangladesh,BGD,2009.0,4.223743,2448.89,
Bangladesh,BGD,2010.0,4.22464,2599.21,32.1
Bangladesh,BGD,2011.0,4.221367,2772.0,
Bangladesh,BGD,2012.0,4.213672,2914.0,
Bangladesh,BGD,2013.0,4.199103,3057.0,
Bangladesh,BGD,2014.0,4.182413,3217.0,
Bangladesh,BGD,2015.0,4.160873,3402.0,
Bangladesh,BGD,2016.0,4.136923,3604.0,32.4
Bangladesh,BGD,2017.0,4.110611,3837.05,
Barbados,BRB,1990.0,2.735766,12994.0,
Barbados,BRB,1991.0,2.727778,12298.51,
Barbados,BRB,1992.0,2.720224,11427.27,
Barbados,BRB,1993.0,2.715281,11343.6,
Barbados,BRB,1994.0,2.711842,11405.56,
Barbados,BRB,1995.0,2.70989,11473.86,
Barbados,BRB,1996.0,2.708397,11760.83,
Barbados,BRB,1997.0,2.709218,12124.51,
Barbados,BRB,1998.0,2.708849,12384.76,
Barbados,BRB,1999.0,2.709776,12237.95,
Barbados,BRB,2000.0,2.71081,12600.02,
Barbados,BRB,2001.0,2.712217,12112.18,
Barbados,BRB,2002.0,2.716531,12025.47,
Barbados,BRB,2003.0,2.720469,12094.82,
Barbados,BRB,2004.0,2.724301,12078.74,
Barbados,BRB,2005.0,2.72731,12379.45,
Barbados,BRB,2006.0,2.729436,12889.88,
Barbados,BRB,2007.0,2.733735,12917.44,
Barbados,BRB,2008.0,2.73648,12786.11,
Barbados,BRB,2009.0,2.740063,12094.32,
Barbados,BRB,2010.0,2.743231,11954.32,
Barbados,BRB,2011.0,2.7453,11870.0,
Barbados,BRB,2012.0,2.746834,11860.0,
Barbados,BRB,2013.0,2.749714,11809.0,
Barbados,BRB,2014.0,2.752656,11780.0,
Barbados,BRB,2015.0,2.756602,11849.0,
Barbados,BRB,2016.0,2.759747,12003.0,
Barbados,BRB,2017.0,2.763322,12061.1,
Belarus,BLR,1990.0,3.998476,11467.0,
Belarus,BLR,1991.0,4.023467,11170.76,
Belarus,BLR,1992.0,4.044808,9960.84,
Belarus,BLR,1993.0,4.065183,9077.44,
Belarus,BLR,1994.0,4.085458,7932.0,
Belarus,BLR,1995.0,4.103569,6993.62,
Belarus,BLR,1996.0,4.117817,7128.35,
Belarus,BLR,1997.0,4.138396,7885.02,
Belarus,BLR,1998.0,4.158593,8481.97,32.0
Belarus,BLR,1999.0,4.17339,8689.71,31.7
Belarus,BLR,2000.0,4.181462,9110.98,31.2
Belarus,BLR,2001.0,4.183239,9462.37,30.6
Belarus,BLR,2002.0,4.184509,9870.31,30.3
Belarus,BLR,2003.0,4.183276,10492.99,28.8
Belarus,BLR,2004.0,4.180504,11615.69,26.5
Belarus,BLR,2005.0,4.17603,12629.56,27.6
Belarus,BLR,2006.0,4.166444,13792.55,28.3
Belarus,BLR,2007.0,4.150033,14856.96,29.6
Belarus,BLR,2008.0,4.129334,16224.0,27.8
Belarus,BLR,2009.0,4.107442,16088.73,27.7
Belarus,BLR,2010.0,4.093854,17172.46,28.6
Belarus,BLR,2011.0,4.082054,17918.0,27.2
Belarus,BLR,2012.0,4.069614,18251.0,26.5
Belarus,BLR,2013.0,4.059205,18464.0,26.6
Belarus,BLR,2014.0,4.048315,18822.0,27.2
Belarus,BLR,2015.0,4.038801,18136.0,25.6
Belarus,BLR,2016.0,4.030471,17628.0,25.3
Belarus,BLR,2017.0,4.022226,18113.38,25.4
Belgium,BEL,1990.0,3.631738,27412.0,
Belgium,BEL,1991.0,3.627543,27848.3,
Belgium,BEL,1992.0,3.628315,28199.57,25.0
Belgium,BEL,1993.0,3.62928,27857.25,
Belgium,BEL,1994.0,3.633646,28706.5,
Belgium,BEL,1995.0,3.637369,29370.09,28.4
Belgium,BEL,1996.0,3.651726,29820.3,
Belgium,BEL,1997.0,3.678606,30894.28,26.8
Belgium,BEL,1998.0,3.715983,31480.74,
Belgium,BEL,1999.0,3.751435,32571.67,
Belgium,BEL,2000.0,3.786139,33719.77,33.1
Belgium,BEL,2001.0,3.820883,33923.34,
Belgium,BEL,2002.0,3.859915,34419.69,
Belgium,BEL,2003.0,3.90036,34588.48,28.1
Belgium,BEL,2004.0,3.935032,35740.35,30.5
Belgium,BEL,2005.0,3.968705,36338.38,29.3
Belgium,BEL,2006.0,4.000156,37051.9,28.1
Belgium,BEL,2007.0,4.033786,38082.87,29.2
Belgium,BEL,2008.0,4.067485,38117.35,28.4
Belgium,BEL,2009.0,4.091096,36998.65,28.6
Belgium,BEL,2010.0,4.101865,37739.33,28.4
Belgium,BEL,2011.0,4.104088,38130.0,28.1
Belgium,BEL,2012.0,4.106356,37906.0,27.5
Belgium,BEL,2013.0,4.110062,37737.0,27.7
Belgium,BEL,2014.0,4.110472,38228.0,28.1
Belgium,BEL,2015.0,4.110452,38569.0,27.7
Belgium,BEL,2016.0,4.109551,38766.0,27.6
Belgium,BEL,2017.0,4.109186,39352.16,27.4
Benin,BEN,1990.0,3.539419,1811.0,
Benin,BEN,1991.0,3.544182,1812.42,
Benin,BEN,1992.0,3.546612,1790.53,
Benin,BEN,1993.0,3.549967,1791.96,
Benin,BEN,1994.0,3.553417,1731.8,
Benin,BEN,1995.0,3.556348,1835.57,
Benin,BEN,1996.0,3.564796,1840.49,
Benin,BEN,1997.0,3.571026,1867.61,
Benin,BEN,1998.0,3.578678,1862.76,
Benin,BEN,1999.0,3.585853,1881.7,
Benin,BEN,2000.0,3.592601,1908.94,
Benin,BEN,2001.0,3.597256,1928.1,
Benin,BEN,2002.0,3.603596,1934.4,
Benin,BEN,2003.0,3.607948,1919.62,38.6
Benin,BEN,2004.0,3.613321,1923.72,
Benin,BEN,2005.0,3.616006,1875.92,
Benin,BEN,2006.0,3.617414,1870.53,
Benin,BEN,2007.0,3.620189,1904.55,
Benin,BEN,2008.0,3.620118,1920.31,
Benin,BEN,2009.0,3.62181,1888.78,
Benin,BEN,2010.0,3.623719,1854.67,
Benin,BEN,2011.0,3.622748,1836.0,43.4
Benin,BEN,2012.0,3.624008,1867.0,
Benin,BEN,2013.0,3.624016,1939.0,
Benin,BEN,2014.0,3.624397,2008.0,
Benin,BEN,2015.0,3.627308,2055.0,47.8
Benin,BEN,2016.0,3.628211,2080.0,
Benin,BEN,2017.0,3.629899,2141.57,
Bolivia,BOL,1990.0,3.154,3502.0,
Bolivia,BOL,1991.0,3.183943,3610.05,
Bolivia,BOL,1992.0,3.208222,3592.14,49.1
Bolivia,BOL,1993.0,3.22692,3670.27,
Bolivia,BOL,1994.0,3.240717,3765.17,
Bolivia,BOL,1995.0,3.246141,3865.44,
Bolivia,BOL,1996.0,3.245635,3959.45,
Bolivia,BOL,1997.0,3.238853,4079.54,58.2
Bolivia,BOL,1998.0,3.230107,4205.69,
Bolivia,BOL,1999.0,3.220852,4146.47,58.1
Bolivia,BOL,2000.0,3.212496,4173.55,61.6
Bolivia,BOL,2001.0,3.203328,4166.49,57.4
Bolivia,BOL,2002.0,3.190317,4193.75,59.3
Bolivia,BOL,2003.0,3.176953,4230.37,
Bolivia,BOL,2004.0,3.165827,4330.56,55.0
Bolivia,BOL,2005.0,3.157576,4445.35,58.5
Bolivia,BOL,2006.0,3.151802,4581.9,56.7
Bolivia,BOL,2007.0,3.146133,4713.45,54.5
Bolivia,BOL,2008.0,3.142402,4924.03,50.8
Bolivia,BOL,2009.0,3.13869,5011.34,49.2
Bolivia,BOL,2010.0,3.133966,5141.76,
Bolivia,BOL,2011.0,3.130259,5331.0,46.1
Bolivia,BOL,2012.0,3.125227,5511.0,46.6
Bolivia,BOL,2013.0,3.119451,5789.0,47.6
Bolivia,BOL,2014.0,3.111189,6007.0,47.8
Bolivia,BOL,2015.0,3.102902,6200.0,46.7
Bolivia,BOL,2016.0,3.093429,6355.0,45.3
Bolivia,BOL,2017.0,3.085905,6521.37,44.6
Bosnia and Herzegovina,BIH,1990.0,2.668364,5893.0,
Bosnia and Herzegovina,BIH,1991.0,2.672518,5128.94,
Bosnia and Herzegovina,BIH,1992.0,2.671643,3830.22,
Bosnia and Herzegovina,BIH,1993.0,2.671418,2831.04,
Bosnia and Herzegovina,BIH,1994.0,2.669313,3017.0,
Bosnia and Herzegovina,BIH,1995.0,2.66578,3237.31,
Bosnia and Herzegovina,BIH,1996.0,2.658545,4915.33,
Bosnia and Herzegovina,BIH,1997.0,2.644291,5913.08,
Bosnia and Herzegovina,BIH,1998.0,2.627605,6589.64,
Bosnia and Herzegovina,BIH,1999.0,2.606329,7025.97,
Bosnia and Herzegovina,BIH,2000.0,2.587122,7082.04,
Bosnia and Herzegovina,BIH,2001.0,2.566086,7129.39,30.0
Bosnia and Herzegovina,BIH,2002.0,2.544027,7391.59,
Bosnia and Herzegovina,BIH,2003.0,2.517056,7551.41,
Bosnia and Herzegovina,BIH,2004.0,2.493971,7857.38,34.0
Bosnia and Herzegovina,BIH,2005.0,2.470157,8057.68,
Bosnia and Herzegovina,BIH,2006.0,2.444474,8410.8,
Bosnia and Herzegovina,BIH,2007.0,2.415036,8811.86,33.1
Bosnia and Herzegovina,BIH,2008.0,2.389821,9199.26,
Bosnia and Herzegovina,BIH,2009.0,2.36753,9018.51,
Bosnia and Herzegovina,BIH,2010.0,2.353722,8982.46,
Bosnia and Herzegovina,BIH,2011.0,2.344023,8961.0,33.0
Bosnia and Herzegovina,BIH,2012.0,2.336783,8873.0,
Bosnia and Herzegovina,BIH,2013.0,2.329689,9093.0,
Bosnia and Herzegovina,BIH,2014.0,2.325415,9201.0,
Bosnia and Herzegovina,BIH,2015.0,2.321622,9495.0,
Bosnia and Herzegovina,BIH,2016.0,2.319066,9746.0,
Bosnia and Herzegovina,BIH,2017.0,2.31961,10069.24,
Botswana,BWA,1990.0,3.810641,5267.0,
Botswana,BWA,1991.0,3.838568,5616.01,
Botswana,BWA,1992.0,3.86429,5733.63,
Botswana,BWA,1993.0,3.889102,5787.11,60.8
Botswana,BWA,1994.0,3.91311,5946.43,
Botswana,BWA,1995.0,3.934835,6318.48,
Botswana,BWA,1996.0,3.956831,6647.77,
Botswana,BWA,1997.0,3.982001,7152.15,
Botswana,BWA,1998.0,4.005861,7185.27,
Botswana,BWA,1999.0,4.027174,7876.14,
Botswana,BWA,2000.0,4.038923,8044.14,
Botswana,BWA,2001.0,4.045338,8082.82,
Botswana,BWA,2002.0,4.052053,8604.07,64.7
Botswana,BWA,2003.0,4.054905,9042.52,
Botswana,BWA,2004.0,4.057692,9329.51,
Botswana,BWA,2005.0,4.05717,9798.09,
Botswana,BWA,2006.0,4.054952,10665.68,
Botswana,BWA,2007.0,4.048557,11602.07,
Botswana,BWA,2008.0,4.04105,12385.15,
Botswana,BWA,2009.0,4.032543,11494.76,60.5
Botswana,BWA,2010.0,4.025457,12544.73,
Botswana,BWA,2011.0,4.018581,13376.0,
Botswana,BWA,2012.0,4.010065,13743.0,
Botswana,BWA,2013.0,4.002401,14853.0,
Botswana,BWA,2014.0,3.993973,15082.0,
Botswana,BWA,2015.0,3.98648,14805.0,53.3
Botswana,BWA,2016.0,3.977128,15198.0,
Botswana,BWA,2017.0,3.968129,15397.43,
Brazil,BRA,1990.0,3.534532,7842.0,60.5
Brazil,BRA,1991.0,3.529751,7888.05,
Brazil,BRA,1992.0,3.531068,7812.79,53.2
Brazil,BRA,1993.0,3.537037,8166.24,60.1
Brazil,BRA,1994.0,3.544956,8615.69,
Brazil,BRA,1995.0,3.553949,8951.69,59.6
Brazil,BRA,1996.0,3.613853,9124.52,59.9
Brazil,BRA,1997.0,3.746093,9409.95,59.8
Brazil,BRA,1998.0,3.902352,9419.11,59.6
Brazil,BRA,1999.0,4.034842,9441.76,59.0
Brazil,BRA,2000.0,4.097776,9834.42,
Brazil,BRA,2001.0,4.106735,9953.31,58.4
Brazil,BRA,2002.0,4.110734,10245.07,58.1
Brazil,BRA,2003.0,4.109456,10354.6,57.6
Brazil,BRA,2004.0,4.102729,10949.66,56.5
Brazil,BRA,2005.0,4.090664,11305.77,56.3
Brazil,BRA,2006.0,4.027395,11766.61,55.6
Brazil,BRA,2007.0,3.895578,12500.01,54.9
Brazil,BRA,2008.0,3.73573,13164.01,54.0
Brazil,BRA,2009.0,3.588454,13180.89,53.7
Brazil,BRA,2010.0,3.497159,14215.61,
Brazil,BRA,2011.0,3.449547,14831.0,52.9
Brazil,BRA,2012.0,3.408068,14985.0,53.4
Brazil,BRA,2013.0,3.371926,15306.0,52.7
Brazil,BRA,2014.0,3.342011,15258.0,52.0
Brazil,BRA,2015.0,3.319423,15826.0,51.9
Brazil,BRA,2016.0,3.304643,13873.0,53.3
Brazil,BRA,2017.0,3.297368,13951.6,53.3
Bulgaria,BGR,1990.0,2.769279,8922.0,
Bulgaria,BGR,1991.0,2.77757,8319.67,
Bulgaria,BGR,1992.0,2.784457,7846.12,30.7
Bulgaria,BGR,1993.0,2.789242,7959.16,
Bulgaria,BGR,1994.0,2.792333,8212.3,
Bulgaria,BGR,1995.0,2.793179,8566.6,
Bulgaria,BGR,1996.0,2.788651,7901.12,
Bulgaria,BGR,1997.0,2.776853,7927.43,
Bulgaria,BGR,1998.0,2.758974,8322.08,
Bulgaria,BGR,1999.0,2.740295,7921.77,
Bulgaria,BGR,2000.0,2.725205,8410.8,
Bulgaria,BGR,2001.0,2.709694,8832.29,
Bulgaria,BGR,2002.0,2.688689,9471.77,
Bulgaria,BGR,2003.0,2.665233,10080.78,
Bulgaria,BGR,2004.0,2.643532,10853.79,
Bulgaria,BGR,2005.0,2.625163,11758.08,
Bulgaria,BGR,2006.0,2.608345,12706.18,35.7
Bulgaria,BGR,2007.0,2.590202,13785.23,36.1
Bulgaria,BGR,2008.0,2.57455,14761.71,33.6
Bulgaria,BGR,2009.0,2.560258,14363.26,33.8
Bulgaria,BGR,2010.0,2.551664,14686.46,35.7
Bulgaria,BGR,2011.0,2.545709,15112.0,34.3
Bulgaria,BGR,2012.0,2.542476,15204.0,36.0
Bulgaria,BGR,2013.0,2.540351,15420.0,36.6
Bulgaria,BGR,2014.0,2.539345,15711.0,37.4
Bulgaria,BGR,2015.0,2.539862,16373.0,38.6
Bulgaria,BGR,2016.0,2.53995,17037.0,40.6
Bulgaria,BGR,2017.0,2.543141,17763.69,40.4
Burkina Faso,BFA,1990.0,3.664874,1286.0,
Burkina Faso,BFA,1991.0,3.644146,1331.23,
Burkina Faso,BFA,1992.0,3.625443,1264.99,
Burkina Faso,BFA,1993.0,3.608525,1240.14,
Burkina Faso,BFA,1994.0,3.595927,1189.12,48.1
Burkina Faso,BFA,1995.0,3.588855,1191.31,
Burkina Faso,BFA,1996.0,3.582894,1255.77,
Burkina Faso,BFA,1997.0,3.577374,1268.26,
Burkina Faso,BFA,1998.0,3.573274,1293.57,49.9
Burkina Faso,BFA,1999.0,3.570829,1318.72,
Burkina Faso,BFA,2000.0,3.568949,1275.48,
Burkina Faso,BFA,2001.0,3.574237,1283.38,
Burkina Faso,BFA,2002.0,3.586397,1255.56,
Burkina Faso,BFA,2003.0,3.601227,1277.58,43.3
Burkina Faso,BFA,2004.0,3.612886,1268.69,
Burkina Faso,BFA,2005.0,3.618282,1309.98,
Burkina Faso,BFA,2006.0,3.616077,1322.64,
Burkina Faso,BFA,2007.0,3.611449,1308.52,
Burkina Faso,BFA,2008.0,3.603713,1315.45,
Burkina Faso,BFA,2009.0,3.596077,1287.37,39.8
Burkina Faso,BFA,2010.0,3.594518,1326.2,
Burkina Faso,BFA,2011.0,3.597446,1344.0,
Burkina Faso,BFA,2012.0,3.604815,1388.0,
Burkina Faso,BFA,2013.0,3.615275,1422.0,
Burkina Faso,BFA,2014.0,3.629192,1437.0,35.3
Burkina Faso,BFA,2015.0,3.648042,1450.0,
Burkina Faso,BFA,2016.0,3.668645,1483.0,
Burkina Faso,BFA,2017.0,3.694254,1530.2,
Burundi,BDI,1990.0,4.220473,1124.0,
Burundi,BDI,1991.0,4.227424,1149.8,
Burundi,BDI,1992.0,4.231069,1128.35,33.3
Burundi,BDI,1993.0,4.230997,1075.62,
Burundi,BDI,1994.0,4.229384,1057.64,
Burundi,BDI,1995.0,4.225159,934.2,
Burundi,BDI,1996.0,4.212662,824.51,
Burundi,BDI,1997.0,4.186713,800.27,
Burundi,BDI,1998.0,4.153277,808.32,42.3
Burundi,BDI,1999.0,4.116629,772.32,
Burundi,BDI,2000.0,4.083254,739.76,
Burundi,BDI,2001.0,4.050602,730.43,
Burundi,BDI,2002.0,4.015593,737.29,
Burundi,BDI,2003.0,3.978296,703.56,
Burundi,BDI,2004.0,3.944169,709.74,
Burundi,BDI,2005.0,3.910334,691.62,
Burundi,BDI,2006.0,3.875041,703.36,33.4
Burundi,BDI,2007.0,3.838082,700.96,
Burundi,BDI,2008.0,3.804522,708.68,
Burundi,BDI,2009.0,3.775062,709.03,
Burundi,BDI,2010.0,3.758803,717.61,
Burundi,BDI,2011.0,3.747798,719.0,
Burundi,BDI,2012.0,3.740353,727.0,
Burundi,BDI,2013.0,3.731076,738.0,38.6
Burundi,BDI,2014.0,3.727607,748.0,
Burundi,BDI,2015.0,3.723271,694.0,
Burundi,BDI,2016.0,3.720813,665.0,
Burundi,BDI,2017.0,3.721228,671.32,
Cambodia,KHM,1990.0,3.161072,1404.0,
Cambodia,KHM,1991.0,3.182021,1425.05,
Cambodia,KHM,1992.0,3.198155,1427.29,
Cambodia,KHM,1993.0,3.212603,1384.29,
Cambodia,KHM,1994.0,3.220113,1416.46,
Cambodia,KHM,1995.0,3.224542,1439.29,
Cambodia,KHM,1996.0,3.222364,1450.53,
Cambodia,KHM,1997.0,3.216061,1466.37,
Cambodia,KHM,1998.0,3.208331,1476.3,
Cambodia,KHM,1999.0,3.199992,1586.21,
Cambodia,KHM,2000.0,3.192875,1659.09,
Cambodia,KHM,2001.0,3.184029,1726.47,
Cambodia,KHM,2002.0,3.175449,1770.96,
Cambodia,KHM,2003.0,3.16658,1850.2,
Cambodia,KHM,2004.0,3.159335,1965.88,
Cambodia,KHM,2005.0,3.151792,2144.85,
Cambodia,KHM,2006.0,3.145051,2286.38,
Cambodia,KHM,2007.0,3.137938,2422.76,
Cambodia,KHM,2008.0,3.130472,2482.01,
Cambodia,KHM,2009.0,3.124683,2433.31,
Cambodia,KHM,2010.0,3.118402,2426.69,
Cambodia,KHM,2011.0,3.115061,2496.0,
Cambodia,KHM,2012.0,3.110733,2634.0,
Cambodia,KHM,2013.0,3.10775,2782.0,
Cambodia,KHM,2014.0,3.103511,2930.0,
Cambodia,KHM,2015.0,3.100648,3086.0,
Cambodia,KHM,2016.0,3.096661,3251.0,
Cambodia,KHM,2017.0,3.094945,3425.39,
Cameroon,CMR,1990.0,3.612881,1930.0,
Cameroon,CMR,1991.0,3.623835,1833.35,
Cameroon,CMR,1992.0,3.634612,1754.25,
Cameroon,CMR,1993.0,3.645157,1677.14,
Cameroon,CMR,1994.0,3.652148,1615.6,
Cameroon,CMR,1995.0,3.662339,1648.64,
Cameroon,CMR,1996.0,3.670581,1710.11,44.4
Cameroon,CMR,1997.0,3.681543,1780.5,
Cameroon,CMR,1998.0,3.693235,1847.22,
Cameroon,CMR,1999.0,3.704269,1902.27,
Cameroon,CMR,2000.0,3.710261,1961.09,
Cameroon,CMR,2001.0,3.714417,2028.55,42.1
Cameroon,CMR,2002.0,3.719498,2084.92,
Cameroon,CMR,2003.0,3.722775,2143.98,
Cameroon,CMR,2004.0,3.726095,2198.24,
Cameroon,CMR,2005.0,3.728134,2222.91,
Cameroon,CMR,2006.0,3.731187,2269.52,
Cameroon,CMR,2007.0,3.737619,2315.61,42.8
Cameroon,CMR,2008.0,3.74363,2352.8,
Cameroon,CMR,2009.0,3.74954,2370.13,
Cameroon,CMR,2010.0,3.750747,2420.13,
Cameroon,CMR,2011.0,3.752018,2494.0,
Cameroon,CMR,2012.0,3.750921,2541.0,
Cameroon,CMR,2013.0,3.750431,2612.0,
Cameroon,CMR,2014.0,3.751296,2696.0,46.6
Cameroon,CMR,2015.0,3.750112,2778.0,
Cameroon,CMR,2016.0,3.748456,2828.0,
Cameroon,CMR,2017.0,3.745647,2850.27,
Canada,CAN,1990.0,4.089515,30082.0,
Canada,CAN,1991.0,4.097314,29151.7,31.0
Canada,CAN,1992.0,4.105661,29141.19,
Canada,CAN,1993.0,4.111715,29657.57,
Canada,CAN,1994.0,4.117476,30745.82,31.3
Canada,CAN,1995.0,4.120524,31330.72,
Canada,CAN,1996.0,4.124002,31594.24,
Canada,CAN,1997.0,4.128427,32709.69,31.6
Canada,CAN,1998.0,4.131973,33785.75,33.2
Canada,CAN,1999.0,4.134098,35345.72,
Canada,CAN,2000.0,4.131314,36942.56,33.3
Canada,CAN,2001.0,4.116602,37307.21,
Canada,CAN,2002.0,4.085414,38123.99,
Canada,CAN,2003.0,4.046825,38559.98,
Canada,CAN,2004.0,4.011867,39491.57,33.7
Canada,CAN,2005.0,3.987778,40485.02,
Canada,CAN,2006.0,3.970255,41247.15,
Canada,CAN,2007.0,3.949366,41806.87,33.8
Canada,CAN,2008.0,3.932311,41896.43,
Canada,CAN,2009.0,3.918091,40312.62,
Canada,CAN,2010.0,3.911885,41209.43,33.6
Canada,CAN,2011.0,3.913974,42197.0,
Canada,CAN,2012.0,3.919381,42445.0,33.5
Canada,CAN,2013.0,3.926503,42994.0,33.8
Canada,CAN,2014.0,3.936199,43607.0,33.2
Canada,CAN,2015.0,3.949642,43619.0,33.7
Canada,CAN,2016.0,3.967491,43745.0,32.7
Canada,CAN,2017.0,3.988792,44591.64,33.3
Cape Verde,CPV,1990.0,3.781454,1965.0,
Cape Verde,CPV,1991.0,3.802807,1988.31,
Cape Verde,CPV,1992.0,3.825728,2029.6,
Cape Verde,CPV,1993.0,3.84841,2159.22,
Cape Verde,CPV,1994.0,3.8727,2291.08,
Cape Verde,CPV,1995.0,3.898616,2444.9,
Cape Verde,CPV,1996.0,3.928136,2594.1,
Cape Verde,CPV,1997.0,3.960163,2777.47,
Cape Verde,CPV,1998.0,3.995502,2999.62,
Cape Verde,CPV,1999.0,4.027168,3346.88,
Cape Verde,CPV,2000.0,4.050797,3583.59,
Cape Verde,CPV,2001.0,4.071768,3799.03,
Cape Verde,CPV,2002.0,4.093498,3998.26,
Cape Verde,CPV,2003.0,4.115832,4185.49,
Cape Verde,CPV,2004.0,4.13099,4368.05,
Cape Verde,CPV,2005.0,4.138066,4659.4,
Cape Verde,CPV,2006.0,4.139462,5140.87,
Cape Verde,CPV,2007.0,4.135977,5597.85,
Cape Verde,CPV,2008.0,4.129849,5985.11,
Cape Verde,CPV,2009.0,4.124686,5926.51,
Cape Verde,CPV,2010.0,4.11843,6033.72,
Cape Verde,CPV,2011.0,4.113623,6295.0,
Cape Verde,CPV,2012.0,4.108492,6273.0,
Cape Verde,CPV,2013.0,4.103363,6234.0,
Cape Verde,CPV,2014.0,4.097893,6262.0,
Cape Verde,CPV,2015.0,4.092633,6266.0,
Cape Verde,CPV,2016.0,4.087075,6418.0,
Cape Verde,CPV,2017.0,4.082451,6576.94,
Central African Republic,CAF,1990.0,4.203161,1023.0,
Central African Republic,CAF,1991.0,4.216492,1007.0,
Central African Republic,CAF,1992.0,4.227659,965.19,61.3
Central African Republic,CAF,1993.0,4.239585,933.06,
Central African Republic,CAF,1994.0,4.247102,952.02,
Central African Republic,CAF,1995.0,4.251026,978.56,
Central African Republic,CAF,1996.0,4.25226,885.89,
Central African Republic,CAF,1997.0,4.254412,917.48,
Central African Republic,CAF,1998.0,4.253976,936.24,
Central African Republic,CAF,1999.0,4.256085,967.84,
Central African Republic,CAF,2000.0,4.256305,963.95,
Central African Republic,CAF,2001.0,4.252922,952.51,
Central African Republic,CAF,2002.0,4.248859,928.77,
Central African Republic,CAF,2003.0,4.245845,845.51,43.6
Central African Republic,CAF,2004.0,4.243178,853.18,
Central African Republic,CAF,2005.0,4.239047,858.52,
Central African Republic,CAF,2006.0,4.237426,881.49,
Central African Republic,CAF,2007.0,4.233188,897.48,
Central African Republic,CAF,2008.0,4.227902,901.85,56.2
Central African Republic,CAF,2009.0,4.224298,898.7,
Central African Republic,CAF,2010.0,4.222245,910.31,
Central African Republic,CAF,2011.0,4.2204,909.0,
Central African Republic,CAF,2012.0,4.218944,916.0,
Central African Republic,CAF,2013.0,4.217237,567.0,
Central African Republic,CAF,2014.0,4.218068,561.0,
Central African Republic,CAF,2015.0,4.215257,576.0,
Central African Republic,CAF,2016.0,4.212623,589.0,
Central African Republic,CAF,2017.0,4.211728,606.7,
Chad,TCD,1990.0,3.834613,692.0,
Chad,TCD,1991.0,3.832525,703.28,
Chad,TCD,1992.0,3.832876,698.74,
Chad,TCD,1993.0,3.832392,680.8,
Chad,TCD,1994.0,3.833835,713.83,
Chad,TCD,1995.0,3.834536,700.71,
Chad,TCD,1996.0,3.851994,694.11,
Chad,TCD,1997.0,3.887841,719.15,
Chad,TCD,1998.0,3.931846,753.86,
Chad,TCD,1999.0,3.969942,733.78,
Chad,TCD,2000.0,3.992632,716.04,
Chad,TCD,2001.0,3.997728,783.06,
Chad,TCD,2002.0,4.003866,831.83,
Chad,TCD,2003.0,4.00569,925.51,39.8
Chad,TCD,2004.0,4.00789,1200.27,
Chad,TCD,2005.0,4.00597,1266.11,
Chad,TCD,2006.0,4.001302,1225.52,
Chad,TCD,2007.0,3.994275,1422.34,
Chad,TCD,2008.0,3.985896,1422.23,
Chad,TCD,2009.0,3.976943,1533.18,
Chad,TCD,2010.0,3.968803,1720.33,
Chad,TCD,2011.0,3.961056,1661.0,43.3
Chad,TCD,2012.0,3.950439,1793.0,
Chad,TCD,2013.0,3.938848,1888.0,
Chad,TCD,2014.0,3.923065,2279.0,
Chad,TCD,2015.0,3.908367,2384.0,
Chad,TCD,2016.0,3.890874,2189.0,
Chad,TCD,2017.0,3.874837,2066.35,
Chile,CHL,1990.0,4.401565,10203.0,57.2
Chile,CHL,1991.0,4.401109,10746.49,
Chile,CHL,1992.0,4.3947,11773.3,54.8
Chile,CHL,1993.0,4.38849,12296.93,
Chile,CHL,1994.0,4.37893,12692.55,56.4
Chile,CHL,1995.0,4.367678,13715.93,
Chile,CHL,1996.0,4.354149,14433.32,54.9
Chile,CHL,1997.0,4.336719,15079.83,
Chile,CHL,1998.0,4.318484,15259.54,55.5
Chile,CHL,1999.0,4.299501,14846.42,
Chile,CHL,2000.0,4.283824,15211.62,52.8
Chile,CHL,2001.0,4.271243,15448.01,
Chile,CHL,2002.0,4.258413,15509.82,
Chile,CHL,2003.0,4.245994,15809.18,51.5
Chile,CHL,2004.0,4.232783,16478.97,
Chile,CHL,2005.0,4.216627,17137.49,
Chile,CHL,2006.0,4.183396,17920.8,47.3
Chile,CHL,2007.0,4.133177,18487.9,
Chile,CHL,2008.0,4.080212,18804.03,
Chile,CHL,2009.0,4.038821,18184.48,47.0
Chile,CHL,2010.0,4.019166,18909.85,
Chile,CHL,2011.0,4.019435,19705.0,46.0
Chile,CHL,2012.0,4.022345,20531.0,
Chile,CHL,2013.0,4.024264,21135.0,45.8
Chile,CHL,2014.0,4.02991,21335.0,
Chile,CHL,2015.0,4.036576,21589.0,44.4
Chile,CHL,2016.0,4.046124,21696.0,
Chile,CHL,2017.0,4.057723,21650.39,44.4
China,CHN,1990.0,3.573966,2982.0,32.2
China,CHN,1991.0,3.572288,3051.32,
China,CHN,1992.0,3.56873,3227.74,
China,CHN,1993.0,3.562113,3506.48,33.9
China,CHN,1994.0,3.551869,3730.16,
China,CHN,1995.0,3.537547,3999.73,
China,CHN,1996.0,3.517615,4219.64,35.2
China,CHN,1997.0,3.494326,4310.83,
China,CHN,1998.0,3.469647,4309.85,
China,CHN,1999.0,3.446913,4466.74,38.7
China,CHN,2000.0,3.429119,4730.35,
China,CHN,2001.0,3.416193,4995.14,
China,CHN,2002.0,3.405828,5343.11,42.0
China,CHN,2003.0,3.397331,5649.46,
China,CHN,2004.0,3.390573,6067.59,
China,CHN,2005.0,3.383844,6626.59,40.9
China,CHN,2006.0,3.38322,7271.04,
China,CHN,2007.0,3.390858,7895.71,
China,CHN,2008.0,3.401423,8190.11,43.0
China,CHN,2009.0,3.408947,8734.04,
China,CHN,2010.0,3.408793,9658.42,43.7
China,CHN,2011.0,3.402178,10221.0,42.4
China,CHN,2012.0,3.393032,10680.0,42.2
China,CHN,2013.0,3.38155,11328.0,39.7
China,CHN,2014.0,3.367462,11944.0,39.2
China,CHN,2015.0,3.351279,12244.0,38.6
China,CHN,2016.0,3.332592,12569.0,38.5
China,CHN,2017.0,3.311306,12733.93,39.1
Colombia,COL,1990.0,2.26815,7693.0,
Colombia,COL,1991.0,2.280578,7713.02,
Colombia,COL,1992.0,2.293496,7888.11,51.5
Colombia,COL,1993.0,2.304626,8180.87,
Colombia,COL,1994.0,2.316248,8447.86,
Colombia,COL,1995.0,2.328083,8735.88,
Colombia,COL,1996.0,2.339456,8770.58,56.9
Colombia,COL,1997.0,2.353957,8952.47,
Colombia,COL,1998.0,2.369227,8863.26,
Colombia,COL,1999.0,2.384067,8382.14,58.7
Colombia,COL,2000.0,2.394519,8496.79,58.7
Colombia,COL,2001.0,2.405436,8528.03,57.5
Colombia,COL,2002.0,2.412206,8630.54,56.0
Colombia,COL,2003.0,2.420838,8855.22,53.6
Colombia,COL,2004.0,2.425944,9211.28,55.0
Colombia,COL,2005.0,2.429338,9524.72,53.9
Colombia,COL,2006.0,2.410619,10039.68,
Colombia,COL,2007.0,2.365835,10602.3,
Colombia,COL,2008.0,2.308239,10846.74,55.3
Colombia,COL,2009.0,2.256667,10894.1,54.3
Colombia,COL,2010.0,2.228705,11191.69,54.6
Colombia,COL,2011.0,2.219333,11788.0,53.5
Colombia,COL,2012.0,2.210586,12123.0,52.6
Colombia,COL,2013.0,2.204213,12568.0,52.6
Colombia,COL,2014.0,2.198192,12972.0,52.6
Colombia,COL,2015.0,2.194632,13218.0,51.0
Colombia,COL,2016.0,2.194091,13326.0,50.6
Colombia,COL,2017.0,2.196154,13358.03,49.7
Comoros,COM,1990.0,3.391247,1092.0,
Comoros,COM,1991.0,3.395007,1101.0,
Comoros,COM,1992.0,3.396962,1185.51,
Comoros,COM,1993.0,3.396205,1210.64,
Comoros,COM,1994.0,3.3959,1136.74,
Comoros,COM,1995.0,3.393114,1166.94,
Comoros,COM,1996.0,3.387199,1141.6,
Comoros,COM,1997.0,3.373172,1177.58,
Comoros,COM,1998.0,3.355833,1179.84,
Comoros,COM,1999.0,3.337989,1189.26,
Comoros,COM,2000.0,3.327585,1204.4,
Comoros,COM,2001.0,3.321085,1217.5,
Comoros,COM,2002.0,3.317306,1229.86,
Comoros,COM,2003.0,3.315381,1240.05,
Comoros,COM,2004.0,3.311822,1247.27,55.9
Comoros,COM,2005.0,3.308496,1265.69,
Comoros,COM,2006.0,3.30114,1388.0,
Comoros,COM,2007.0,3.292491,1382.54,
Comoros,COM,2008.0,3.283906,1419.37,
Comoros,COM,2009.0,3.277813,1455.28,
Comoros,COM,2010.0,3.276426,1432.56,
Comoros,COM,2011.0,3.278241,1479.0,
Comoros,COM,2012.0,3.281036,1509.0,
Comoros,COM,2013.0,3.287185,1619.0,
Comoros,COM,2014.0,3.293496,1647.0,45.3
Comoros,COM,2015.0,3.303571,1696.0,
Comoros,COM,2016.0,3.316679,1702.0,
Comoros,COM,2017.0,3.330114,1712.84,
Congo,COG,1990.0,4.204559,3794.0,
Congo,COG,1991.0,4.202688,3862.57,
Congo,COG,1992.0,4.203609,3940.97,
Congo,COG,1993.0,4.205195,3874.17,
Congo,COG,1994.0,4.202582,3635.99,
Congo,COG,1995.0,4.204801,3763.6,
Congo,COG,1996.0,4.213242,3988.88,
Congo,COG,1997.0,4.230402,3899.76,
Congo,COG,1998.0,4.249143,4042.78,
Congo,COG,1999.0,4.262617,3925.69,
Congo,COG,2000.0,4.264615,4159.22,
Congo,COG,2001.0,4.253035,4256.66,
Congo,COG,2002.0,4.241414,4458.63,
Congo,COG,2003.0,4.22758,4467.9,
Congo,COG,2004.0,4.212884,4560.51,
Congo,COG,2005.0,4.197826,4820.71,
Congo,COG,2006.0,4.182357,5016.06,
Congo,COG,2007.0,4.166161,4844.97,
Congo,COG,2008.0,4.147474,5081.13,
Congo,COG,2009.0,4.131639,5379.0,
Congo,COG,2010.0,4.117044,5738.16,
Congo,COG,2011.0,4.103064,5875.0,
Congo,COG,2012.0,4.089022,5949.0,
Congo,COG,2013.0,4.074621,6031.0,
Congo,COG,2014.0,4.058585,6321.0,
Congo,COG,2015.0,4.041543,6272.0,
Congo,COG,2016.0,4.023941,5974.0,
Congo,COG,2017.0,4.008291,5747.03,
Costa Rica,CRI,1990.0,2.771931,7567.0,45.3
Costa Rica,CRI,1991.0,2.770385,7552.36,46.6
Costa Rica,CRI,1992.0,2.770426,8038.77,45.7
Costa Rica,CRI,1993.0,2.771902,8363.48,46.0
Costa Rica,CRI,1994.0,2.773763,8479.57,46.8
Costa Rica,CRI,1995.0,2.777762,8576.42,45.7
Costa Rica,CRI,1996.0,2.783971,8446.78,46.5
Costa Rica,CRI,1997.0,2.792654,8683.95,45.6
Costa Rica,CRI,1998.0,2.801895,9053.85,45.7
Costa Rica,CRI,1999.0,2.809418,9183.9,47.7
Costa Rica,CRI,2000.0,2.816173,9319.77,47.4
Costa Rica,CRI,2001.0,2.822984,9451.62,51.5
Costa Rica,CRI,2002.0,2.830938,9591.55,51.8
Costa Rica,CRI,2003.0,2.839734,9831.25,49.3
Costa Rica,CRI,2004.0,2.847832,10086.78,48.4
Costa Rica,CRI,2005.0,2.852831,10308.37,47.5
Costa Rica,CRI,2006.0,2.859133,10880.48,49.3
Costa Rica,CRI,2007.0,2.865004,11584.68,49.3
Costa Rica,CRI,2008.0,2.870763,11935.16,48.6
Costa Rica,CRI,2009.0,2.877157,11638.0,50.6
Costa Rica,CRI,2010.0,2.882125,12031.57,48.0
Costa Rica,CRI,2011.0,2.885282,12366.0,48.8
Costa Rica,CRI,2012.0,2.889929,12792.0,48.4
Costa Rica,CRI,2013.0,2.891387,12916.0,49.2
Costa Rica,CRI,2014.0,2.895363,13222.0,48.6
Costa Rica,CRI,2015.0,2.899138,13677.0,48.4
Costa Rica,CRI,2016.0,2.901079,14098.0,48.7
Costa Rica,CRI,2017.0,2.904788,14470.78,48.3
Cote d'Ivoire,CIV,1990.0,3.288346,2083.0,
Cote d'Ivoire,CIV,1991.0,3.301006,2036.3,
Cote d'Ivoire,CIV,1992.0,3.312103,2011.57,39.4
Cote d'Ivoire,CIV,1993.0,3.319654,1983.23,
Cote d'Ivoire,CIV,1994.0,3.325442,1951.54,
Cote d'Ivoire,CIV,1995.0,3.328575,2035.17,40.6
Cote d'Ivoire,CIV,1996.0,3.324241,2179.04,
Cote d'Ivoire,CIV,1997.0,3.310731,2288.81,
Cote d'Ivoire,CIV,1998.0,3.29239,2393.5,39.0
Cote d'Ivoire,CIV,1999.0,3.277395,2417.46,
Cote d'Ivoire,CIV,2000.0,3.26661,2352.86,
Cote d'Ivoire,CIV,2001.0,3.264896,2342.83,
Cote d'Ivoire,CIV,2002.0,3.261482,2298.46,41.3
Cote d'Ivoire,CIV,2003.0,3.261485,2263.09,
Cote d'Ivoire,CIV,2004.0,3.259527,2280.79,
Cote d'Ivoire,CIV,2005.0,3.259241,2312.84,
Cote d'Ivoire,CIV,2006.0,3.255643,2343.93,
Cote d'Ivoire,CIV,2007.0,3.252641,2380.12,
Cote d'Ivoire,CIV,2008.0,3.250634,2435.27,43.2
Cote d'Ivoire,CIV,2009.0,3.248017,2508.82,
Cote d'Ivoire,CIV,2010.0,3.246612,2555.02,
Cote d'Ivoire,CIV,2011.0,3.249178,2444.0,
Cote d'Ivoire,CIV,2012.0,3.256594,2636.0,
Cote d'Ivoire,CIV,2013.0,3.26737,2823.0,
Cote d'Ivoire,CIV,2014.0,3.280238,3011.0,
Cote d'Ivoire,CIV,2015.0,3.296712,3218.0,41.5
Cote d'Ivoire,CIV,2016.0,3.315851,3395.0,
Cote d'Ivoire,CIV,2017.0,3.337989,3558.84,
Croatia,HRV,1990.0,3.125228,12948.0,
Croatia,HRV,1991.0,3.133121,10296.19,
Croatia,HRV,1992.0,3.134432,9331.89,
Croatia,HRV,1993.0,3.133553,8739.54,
Croatia,HRV,1994.0,3.12908,9352.58,
Croatia,HRV,1995.0,3.124961,10180.25,
Croatia,HRV,1996.0,3.110432,11030.08,
Croatia,HRV,1997.0,3.083289,11997.59,
Croatia,HRV,1998.0,3.053087,12476.05,
Croatia,HRV,1999.0,3.02098,12579.88,
Croatia,HRV,2000.0,2.992715,13244.54,
Croatia,HRV,2001.0,2.967659,13817.68,
Croatia,HRV,2002.0,2.942722,14683.84,
Croatia,HRV,2003.0,2.918731,15740.5,
Croatia,HRV,2004.0,2.895932,16628.57,
Croatia,HRV,2005.0,2.875833,17581.36,
Croatia,HRV,2006.0,2.857598,18707.49,
Croatia,HRV,2007.0,2.836804,19984.04,
Croatia,HRV,2008.0,2.818361,20717.32,
Croatia,HRV,2009.0,2.803082,19501.59,32.6
Croatia,HRV,2010.0,2.795575,19511.35,32.4
Croatia,HRV,2011.0,2.790946,19813.0,32.3
Croatia,HRV,2012.0,2.786208,19441.0,32.5
Croatia,HRV,2013.0,2.782145,19298.0,32.0
Croatia,HRV,2014.0,2.78089,19284.0,32.1
Croatia,HRV,2015.0,2.778406,19698.0,31.1
Croatia,HRV,2016.0,2.778055,20376.0,30.9
Croatia,HRV,2017.0,2.779842,21232.36,30.4
Cuba,CUB,1990.0,4.117959,4713.0,
Cuba,CUB,1991.0,4.119739,3982.27,
Cuba,CUB,1992.0,4.113188,3399.96,
Cuba,CUB,1993.0,4.102805,2657.47,
Cuba,CUB,1994.0,4.08824,2683.1,
Cuba,CUB,1995.0,4.069794,2860.76,
Cuba,CUB,1996.0,4.037865,3249.64,
Cuba,CUB,1997.0,3.982043,3425.56,
Cuba,CUB,1998.0,3.913582,3415.55,
Cuba,CUB,1999.0,3.843348,3623.6,
Cuba,CUB,2000.0,3.781847,4009.34,
Cuba,CUB,2001.0,3.725637,4231.32,
Cuba,CUB,2002.0,3.667606,4369.04,
Cuba,CUB,2003.0,3.610515,4506.68,
Cuba,CUB,2004.0,3.559469,4561.02,
Cuba,CUB,2005.0,3.515118,4713.71,
Cuba,CUB,2006.0,3.474393,5416.14,
Cuba,CUB,2007.0,3.436416,5635.69,
Cuba,CUB,2008.0,3.401267,6004.89,
Cuba,CUB,2009.0,3.375126,6248.3,
Cuba,CUB,2010.0,3.35815,6578.19,
Cuba,CUB,2011.0,3.348778,6928.0,
Cuba,CUB,2012.0,3.340647,7138.0,
Cuba,CUB,2013.0,3.333781,7379.0,
Cuba,CUB,2014.0,3.326268,7628.0,
Cuba,CUB,2015.0,3.322598,7889.0,
Cuba,CUB,2016.0,3.318622,8000.0,
Cuba,CUB,2017.0,3.319131,8141.74,
Cyprus,CYP,1990.0,3.380234,15560.0,
Cyprus,CYP,1991.0,3.360337,15417.12,
Cyprus,CYP,1992.0,3.34261,16570.4,
Cyprus,CYP,1993.0,3.328933,16439.24,
Cyprus,CYP,1994.0,3.318357,17210.99,
Cyprus,CYP,1995.0,3.313509,18751.49,
Cyprus,CYP,1996.0,3.314366,18875.29,
Cyprus,CYP,1997.0,3.314421,19264.79,
Cyprus,CYP,1998.0,3.316632,20212.74,
Cyprus,CYP,1999.0,3.319096,21147.53,
Cyprus,CYP,2000.0,3.319546,22326.8,
Cyprus,CYP,2001.0,3.323126,23095.74,
Cyprus,CYP,2002.0,3.325198,23828.07,
Cyprus,CYP,2003.0,3.326806,24347.08,
Cyprus,CYP,2004.0,3.327539,25355.24,30.1
Cyprus,CYP,2005.0,3.328013,26164.21,30.3
Cyprus,CYP,2006.0,3.321412,27142.02,31.1
Cyprus,CYP,2007.0,3.310162,28110.0,31.1
Cyprus,CYP,2008.0,3.296471,28736.97,31.7
Cyprus,CYP,2009.0,3.283119,27735.03,32.1
Cyprus,CYP,2010.0,3.27735,27630.1,31.5
Cyprus,CYP,2011.0,3.279798,27272.0,32.6
Cyprus,CYP,2012.0,3.280645,26011.0,34.3
Cyprus,CYP,2013.0,3.286091,24519.0,37.0
Cyprus,CYP,2014.0,3.293437,24411.0,35.6
Cyprus,CYP,2015.0,3.302054,24963.0,34.0
Cyprus,CYP,2016.0,3.314551,25577.0,32.9
Cyprus,CYP,2017.0,3.328111,26445.29,31.4
Democratic Republic of Congo,COD,1990.0,4.017183,813.0,
Democratic Republic of Congo,COD,1991.0,4.013386,737.93,
Democratic Republic of Congo,COD,1992.0,4.009402,656.69,
Democratic Republic of Congo,COD,1993.0,4.007979,563.71,
Democratic Republic of Congo,COD,1994.0,4.004696,525.39,
Democratic Republic of Congo,COD,1995.0,4.002537,531.99,
Democratic Republic of Congo,COD,1996.0,3.997683,523.87,
Democratic Republic of Congo,COD,1997.0,3.991624,489.64,
Democratic Republic of Congo,COD,1998.0,3.984634,472.92,
Democratic Republic of Congo,COD,1999.0,3.980516,452.0,
Democratic Republic of Congo,COD,2000.0,3.975989,414.05,
Democratic Republic of Congo,COD,2001.0,3.973812,403.6,
Democratic Republic of Congo,COD,2002.0,3.97044,413.83,
Democratic Republic of Congo,COD,2003.0,3.970112,436.03,
Democratic Republic of Congo,COD,2004.0,3.96721,464.0,
Democratic Republic of Congo,COD,2005.0,3.964023,490.69,
Democratic Republic of Congo,COD,2006.0,3.958793,515.26,
Democratic Republic of Congo,COD,2007.0,3.949286,546.04,
Democratic Republic of Congo,COD,2008.0,3.940293,578.85,
Democratic Republic of Congo,COD,2009.0,3.931684,595.02,
Democratic Republic of Congo,COD,2010.0,3.928794,637.13,
Democratic Republic of Congo,COD,2011.0,3.929642,681.0,
Democratic Republic of Congo,COD,2012.0,3.930694,710.0,
Democratic Republic of Congo,COD,2013.0,3.934178,751.0,
Democratic Republic of Congo,COD,2014.0,3.935312,802.0,
Democratic Republic of Congo,COD,2015.0,3.940707,836.0,
Democratic Republic of Congo,COD,2016.0,3.947654,836.0,
Democratic Republic of Congo,COD,2017.0,3.956872,838.78,
Denmark,DNK,1990.0,3.884206,29412.0,
Denmark,DNK,1991.0,3.881674,29915.45,
Denmark,DNK,1992.0,3.874271,30573.57,24.7
Denmark,DNK,1993.0,3.864724,30649.54,
Denmark,DNK,1994.0,3.847608,32359.3,
Denmark,DNK,1995.0,3.83155,33356.14,23.0
Denmark,DNK,1996.0,3.794941,34325.44,
Denmark,DNK,1997.0,3.73017,35499.06,
Denmark,DNK,1998.0,3.652859,36361.23,
Denmark,DNK,1999.0,3.577602,37523.42,
Denmark,DNK,2000.0,3.521807,39021.18,23.8
Denmark,DNK,2001.0,3.479463,39425.87,
Denmark,DNK,2002.0,3.441738,39709.37,
Denmark,DNK,2003.0,3.407564,39983.14,25.6
Denmark,DNK,2004.0,3.378682,41178.56,24.9
Denmark,DNK,2005.0,3.356016,42264.63,25.2
Denmark,DNK,2006.0,3.334813,44025.48,25.9
Denmark,DNK,2007.0,3.31291,44481.47,26.2
Denmark,DNK,2008.0,3.295567,44246.4,25.2
Denmark,DNK,2009.0,3.283858,42090.17,26.7
Denmark,DNK,2010.0,3.277504,42932.4,27.2
Denmark,DNK,2011.0,3.276423,43575.0,27.3
Denmark,DNK,2012.0,3.275031,43510.0,27.8
Denmark,DNK,2013.0,3.275889,43733.0,28.5
Denmark,DNK,2014.0,3.277973,44241.0,28.4
Denmark,DNK,2015.0,3.281306,44635.0,28.2
Denmark,DNK,2016.0,3.285642,44836.0,28.2
Denmark,DNK,2017.0,3.291885,45455.56,28.7
Djibouti,DJI,1990.0,3.577566,2308.0,
Djibouti,DJI,1991.0,3.569615,2013.34,
Djibouti,DJI,1992.0,3.562565,2141.63,
Djibouti,DJI,1993.0,3.559578,2290.78,
Djibouti,DJI,1994.0,3.557497,2175.36,
Djibouti,DJI,1995.0,3.555947,2262.43,
Djibouti,DJI,1996.0,3.560047,2082.0,
Djibouti,DJI,1997.0,3.565378,2080.51,
Djibouti,DJI,1998.0,3.572137,1974.57,
Djibouti,DJI,1999.0,3.57885,1930.51,
Djibouti,DJI,2000.0,3.583574,1881.0,
Djibouti,DJI,2001.0,3.586348,1845.7,
Djibouti,DJI,2002.0,3.589213,1824.46,40.0
Djibouti,DJI,2003.0,3.592529,1945.67,
Djibouti,DJI,2004.0,3.594789,2097.12,
Djibouti,DJI,2005.0,3.595727,2126.81,
Djibouti,DJI,2006.0,3.592573,2342.22,
Djibouti,DJI,2007.0,3.583663,2396.02,
Djibouti,DJI,2008.0,3.574834,2463.44,
Djibouti,DJI,2009.0,3.567233,2521.5,
Djibouti,DJI,2010.0,3.565219,2543.87,
Djibouti,DJI,2011.0,3.567165,2590.0,
Djibouti,DJI,2012.0,3.571264,2654.0,45.1
Djibouti,DJI,2013.0,3.576704,2724.0,44.1
Djibouti,DJI,2014.0,3.579989,2823.0,
Djibouti,DJI,2015.0,3.587848,2941.0,
Djibouti,DJI,2016.0,3.597955,3064.0,
Djibouti,DJI,2017.0,3.60901,3168.45,41.6
Dominica,DMA,1990.0,2.62313,3939.0,
Dominica,DMA,1991.0,2.612294,4084.0,
Dominica,DMA,1992.0,2.604169,4271.69,
Dominica,DMA,1993.0,2.595699,4339.82,
Dominica,DMA,1994.0,2.589933,4459.37,
Dominica,DMA,1995.0,2.586149,4606.73,
Dominica,DMA,1996.0,2.583649,4894.84,
Dominica,DMA,1997.0,2.583349,5170.81,
Dominica,DMA,1998.0,2.584526,5462.7,
Dominica,DMA,1999.0,2.58541,5584.02,
Dominica,DMA,2000.0,2.587801,5696.96,
Dominica,DMA,2001.0,2.588871,5799.82,
Dominica,DMA,2002.0,2.590827,5771.37,
Dominica,DMA,2003.0,2.596064,6321.96,
Dominica,DMA,2004.0,2.599862,6602.7,
Dominica,DMA,2005.0,2.602931,6697.53,
Dominica,DMA,2006.0,2.60262,7133.78,
Dominica,DMA,2007.0,2.600688,7698.77,
Dominica,DMA,2008.0,2.599014,8454.06,
Dominica,DMA,2009.0,2.598156,8511.86,
Dominica,DMA,2010.0,2.598066,8768.48,
Dominica,DMA,2011.0,2.599114,8944.0,
Dominica,DMA,2012.0,2.601618,8823.0,
Dominica,DMA,2013.0,2.605361,9145.0,
Dominica,DMA,2014.0,2.609485,9507.0,
Dominica,DMA,2015.0,2.615136,9319.0,
Dominica,DMA,2016.0,2.621363,9550.0,
Dominica,DMA,2017.0,2.629649,8842.02,
Dominican Republic,DOM,1990.0,2.902644,3939.0,
Dominican Republic,DOM,1991.0,2.91062,3969.57,
Dominican Republic,DOM,1992.0,2.918405,4185.41,51.4
Dominican Republic,DOM,1993.0,2.926715,4490.02,
Dominican Republic,DOM,1994.0,2.934652,4597.15,
Dominican Republic,DOM,1995.0,2.943281,4851.63,
Dominican Republic,DOM,1996.0,2.95922,5198.57,47.4
Dominican Republic,DOM,1997.0,2.9901,5616.89,48.9
Dominican Republic,DOM,1998.0,3.023737,6012.69,
Dominican Republic,DOM,1999.0,3.053092,6419.78,
Dominican Republic,DOM,2000.0,3.067613,6788.08,51.5
Dominican Republic,DOM,2001.0,3.070205,6917.03,50.0
Dominican Republic,DOM,2002.0,3.073137,7327.37,49.7
Dominican Republic,DOM,2003.0,3.074622,7324.7,52.1
Dominican Republic,DOM,2004.0,3.074819,7441.45,52.1
Dominican Republic,DOM,2005.0,3.075989,8156.43,50.0
Dominican Republic,DOM,2006.0,3.073863,9059.88,52.0
Dominican Republic,DOM,2007.0,3.069473,9866.46,48.9
Dominican Republic,DOM,2008.0,3.064606,10225.53,48.1
Dominican Republic,DOM,2009.0,3.058681,10365.67,48.9
Dominican Republic,DOM,2010.0,3.053239,11276.46,47.3
Dominican Republic,DOM,2011.0,3.047809,11679.0,47.7
Dominican Republic,DOM,2012.0,3.039955,11848.0,46.1
Dominican Republic,DOM,2013.0,3.031001,12251.0,47.7
Dominican Republic,DOM,2014.0,3.019259,13017.0,44.3
Dominican Republic,DOM,2015.0,3.007645,13762.0,45.2
Dominican Republic,DOM,2016.0,2.99273,14489.0,45.7
Dominican Republic,DOM,2017.0,2.978523,15018.94,42.2
East Asia,,1990.0,3.555895,6121.29,
East Asia,,2000.0,3.416455,8163.84,
East Asia,,2010.0,3.39664,12853.43,
East Asia,,2016.0,3.322681,15697.94,
East Asia,,2017.0,3.302017,15956.38,
Eastern Europe,,1990.0,3.941907,10343.87,
Eastern Europe,,2000.0,4.053152,8985.54,
Eastern Europe,,2010.0,3.82521,17021.29,
Eastern Europe,,2016.0,3.799274,19446.35,
Eastern Europe,,2017.0,3.802439,20115.83,
Ecuador,ECU,1990.0,2.860919,6221.0,
Ecuador,ECU,1991.0,2.867432,6513.34,
Ecuador,ECU,1992.0,2.872542,6715.47,
Ecuador,ECU,1993.0,2.878598,6770.18,
Ecuador,ECU,1994.0,2.883428,6940.09,53.4
Ecuador,ECU,1995.0,2.890751,6985.16,
Ecuador,ECU,1996.0,2.894682,6993.64,
Ecuador,ECU,1997.0,2.899459,7181.1,
Ecuador,ECU,1998.0,2.906001,7307.17,
Ecuador,ECU,1999.0,2.910579,6884.79,58.6
Ecuador,ECU,2000.0,2.913822,6908.24,56.4
Ecuador,ECU,2001.0,2.919484,7131.19,
Ecuador,ECU,2002.0,2.929883,7359.71,
Ecuador,ECU,2003.0,2.941199,7468.5,53.5
Ecuador,ECU,2004.0,2.951141,7958.92,53.9
Ecuador,ECU,2005.0,2.958563,8256.78,53.1
Ecuador,ECU,2006.0,2.9588,8521.56,52.3
Ecuador,ECU,2007.0,2.959376,8633.58,53.4
Ecuador,ECU,2008.0,2.958661,9103.87,49.8
Ecuador,ECU,2009.0,2.958505,9081.37,48.5
Ecuador,ECU,2010.0,2.959062,9327.21,48.8
Ecuador,ECU,2011.0,2.960197,9985.0,45.9
Ecuador,ECU,2012.0,2.961697,10398.0,46.1
Ecuador,ECU,2013.0,2.965013,10760.0,46.9
Ecuador,ECU,2014.0,2.967176,11036.0,45.0
Ecuador,ECU,2015.0,2.970413,10905.0,46.0
Ecuador,ECU,2016.0,2.973805,10527.0,45.0
Ecuador,ECU,2017.0,2.977117,10637.28,44.7
Egypt,EGY,1990.0,3.167541,4022.0,
Egypt,EGY,1991.0,3.170596,4180.13,
Egypt,EGY,1992.0,3.172891,4338.95,
Egypt,EGY,1993.0,3.177687,4542.63,
Egypt,EGY,1994.0,3.179417,4746.59,
Egypt,EGY,1995.0,3.180182,5001.07,
Egypt,EGY,1996.0,3.176824,5293.1,
Egypt,EGY,1997.0,3.170387,5594.6,
Egypt,EGY,1998.0,3.160444,5884.8,
Egypt,EGY,1999.0,3.153659,6211.02,
Egypt,EGY,2000.0,3.15221,6593.53,
Egypt,EGY,2001.0,3.155155,6914.94,
Egypt,EGY,2002.0,3.158127,7142.69,
Egypt,EGY,2003.0,3.161214,7365.8,
Egypt,EGY,2004.0,3.161773,7661.86,
Egypt,EGY,2005.0,3.163065,8021.88,
Egypt,EGY,2006.0,3.163525,8509.61,
Egypt,EGY,2007.0,3.170282,9130.6,
Egypt,EGY,2008.0,3.176021,9698.02,
Egypt,EGY,2009.0,3.181375,10159.0,
Egypt,EGY,2010.0,3.183198,10719.29,
Egypt,EGY,2011.0,3.18462,10737.0,
Egypt,EGY,2012.0,3.187626,10767.0,
Egypt,EGY,2013.0,3.19276,10775.0,
Egypt,EGY,2014.0,3.202052,11016.0,
Egypt,EGY,2015.0,3.211476,11159.0,
Egypt,EGY,2016.0,3.224017,11351.0,
Egypt,EGY,2017.0,3.238182,11619.69,
El Salvador,SLV,1990.0,3.131583,3378.0,
El Salvador,SLV,1991.0,3.143844,3493.58,54.0
El Salvador,SLV,1992.0,3.152032,3750.52,
El Salvador,SLV,1993.0,3.157514,4052.96,
El Salvador,SLV,1994.0,3.162309,4316.4,
El Salvador,SLV,1995.0,3.165224,4592.28,49.9
El Salvador,SLV,1996.0,3.161224,4671.34,51.0
El Salvador,SLV,1997.0,3.152221,4882.68,
El Salvador,SLV,1998.0,3.138971,5077.89,54.5
El Salvador,SLV,1999.0,3.124116,5263.89,52.2
El Salvador,SLV,2000.0,3.11252,5403.71,51.5
El Salvador,SLV,2001.0,3.099898,5550.19,51.4
El Salvador,SLV,2002.0,3.089073,5751.06,51.9
El Salvador,SLV,2003.0,3.077165,5957.2,50.5
El Salvador,SLV,2004.0,3.066272,6145.98,47.8
El Salvador,SLV,2005.0,3.058823,6441.5,48.5
El Salvador,SLV,2006.0,3.05103,6782.23,45.7
El Salvador,SLV,2007.0,3.043548,7139.18,45.2
El Salvador,SLV,2008.0,3.037453,7312.66,46.9
El Salvador,SLV,2009.0,3.032828,7166.16,45.8
El Salvador,SLV,2010.0,3.030472,7351.11,43.5
El Salvador,SLV,2011.0,3.027701,7607.0,42.3
El Salvador,SLV,2012.0,3.026992,7726.0,41.8
El Salvador,SLV,2013.0,3.02532,7845.0,43.4
El Salvador,SLV,2014.0,3.025158,7935.0,41.6
El Salvador,SLV,2015.0,3.024102,8109.0,40.6
El Salvador,SLV,2016.0,3.025543,8280.0,40.0
El Salvador,SLV,2017.0,3.025887,8428.03,38.0
Equatorial Guinea,GNQ,1990.0,4.258925,2474.0,
Equatorial Guinea,GNQ,1991.0,4.261436,2427.88,
Equatorial Guinea,GNQ,1992.0,4.259428,2690.63,
Equatorial Guinea,GNQ,1993.0,4.257474,2880.2,
Equatorial Guinea,GNQ,1994.0,4.252354,3081.15,
Equatorial Guinea,GNQ,1995.0,4.249024,3364.63,
Equatorial Guinea,GNQ,1996.0,4.241601,4426.34,
Equatorial Guinea,GNQ,1997.0,4.230129,8445.65,
Equatorial Guinea,GNQ,1998.0,4.217165,9712.23,
Equatorial Guinea,GNQ,1999.0,4.204302,11690.14,
Equatorial Guinea,GNQ,2000.0,4.196111,12914.85,
Equatorial Guinea,GNQ,2001.0,4.188276,21167.74,
Equatorial Guinea,GNQ,2002.0,4.178594,24845.04,
Equatorial Guinea,GNQ,2003.0,4.170555,27571.16,
Equatorial Guinea,GNQ,2004.0,4.163123,33419.89,
Equatorial Guinea,GNQ,2005.0,4.160509,35569.71,
Equatorial Guinea,GNQ,2006.0,4.157483,36615.71,
Equatorial Guinea,GNQ,2007.0,4.157142,41277.76,
Equatorial Guinea,GNQ,2008.0,4.158129,47562.32,
Equatorial Guinea,GNQ,2009.0,4.15754,47161.28,
Equatorial Guinea,GNQ,2010.0,4.158643,42037.9,
Equatorial Guinea,GNQ,2011.0,4.158115,43841.0,
Equatorial Guinea,GNQ,2012.0,4.15868,46255.0,
Equatorial Guinea,GNQ,2013.0,4.159764,43209.0,
Equatorial Guinea,GNQ,2014.0,4.161912,41907.0,
Equatorial Guinea,GNQ,2015.0,4.163687,37822.0,
Equatorial Guinea,GNQ,2016.0,4.16468,33317.0,
Equatorial Guinea,GNQ,2017.0,4.16709,31047.83,
Estonia,EST,1990.0,4.532058,17247.0,
Estonia,EST,1991.0,4.532675,15350.63,
Estonia,EST,1992.0,4.531758,13214.39,
Estonia,EST,1993.0,4.531379,12207.18,39.5
Estonia,EST,1994.0,4.53102,12070.06,
Estonia,EST,1995.0,4.530258,12881.28,
Estonia,EST,1996.0,4.529189,13547.66,
Estonia,EST,1997.0,4.522665,15074.78,
Estonia,EST,1998.0,4.513299,15593.01,
Estonia,EST,1999.0,4.500387,15335.11,
Estonia,EST,2000.0,4.483954,16806.97,
Estonia,EST,2001.0,4.45538,17696.61,
Estonia,EST,2002.0,4.411393,18589.15,
Estonia,EST,2003.0,4.358236,19771.74,37.2
Estonia,EST,2004.0,4.303747,20803.76,33.6
Estonia,EST,2005.0,4.256001,22518.54,33.4
Estonia,EST,2006.0,4.208616,24578.82,33.7
Estonia,EST,2007.0,4.154931,26177.87,31.2
Estonia,EST,2008.0,4.098571,24429.02,31.9
Estonia,EST,2009.0,4.051133,20538.05,31.4
Estonia,EST,2010.0,4.013452,20713.43,32.0
Estonia,EST,2011.0,3.982428,21997.0,32.5
Estonia,EST,2012.0,3.95317,23026.0,32.9
Estonia,EST,2013.0,3.926684,23436.0,35.1
Estonia,EST,2014.0,3.902099,24146.0,34.6
Estonia,EST,2015.0,3.880068,24493.0,32.7
Estonia,EST,2016.0,3.861329,24857.0,31.2
Estonia,EST,2017.0,3.848854,26254.2,30.4
Ethiopia,ETH,1990.0,4.034944,915.0,
Ethiopia,ETH,1991.0,4.029075,810.79,
Ethiopia,ETH,1992.0,4.023484,708.37,
Ethiopia,ETH,1993.0,4.019653,699.23,
Ethiopia,ETH,1994.0,4.016141,731.75,
Ethiopia,ETH,1995.0,4.013945,744.14,44.6
Ethiopia,ETH,1996.0,4.009715,782.99,
Ethiopia,ETH,1997.0,3.99991,815.15,
Ethiopia,ETH,1998.0,3.989039,786.28,
Ethiopia,ETH,1999.0,3.979043,761.9,30.0
Ethiopia,ETH,2000.0,3.972442,771.73,
Ethiopia,ETH,2001.0,3.969013,783.9,
Ethiopia,ETH,2002.0,3.964315,793.91,
Ethiopia,ETH,2003.0,3.957875,764.53,
Ethiopia,ETH,2004.0,3.949817,771.47,29.8
Ethiopia,ETH,2005.0,3.942009,829.24,
Ethiopia,ETH,2006.0,3.931218,880.65,
Ethiopia,ETH,2007.0,3.915669,936.37,
Ethiopia,ETH,2008.0,3.899542,989.98,
Ethiopia,ETH,2009.0,3.88421,1043.53,
Ethiopia,ETH,2010.0,3.872924,1106.38,33.2
Ethiopia,ETH,2011.0,3.863996,1199.0,
Ethiopia,ETH,2012.0,3.854864,1287.0,
Ethiopia,ETH,2013.0,3.846646,1365.0,
Ethiopia,ETH,2014.0,3.837745,1459.0,
Ethiopia,ETH,2015.0,3.829889,1553.0,35.0
Ethiopia,ETH,2016.0,3.822573,1635.0,
Ethiopia,ETH,2017.0,3.816266,1753.32,
Finland,FIN,1990.0,5.427329,26884.0,
Finland,FIN,1991.0,5.461775,25174.9,22.9
Finland,FIN,1992.0,5.486011,24219.76,
Finland,FIN,1993.0,5.504764,23943.74,
Finland,FIN,1994.0,5.512826,24797.66,
Finland,FIN,1995.0,5.508174,25761.62,23.5
Finland,FIN,1996.0,5.489475,26637.27,
Finland,FIN,1997.0,5.45805,28239.87,
Finland,FIN,1998.0,5.419043,29715.34,
Finland,FIN,1999.0,5.380097,30986.89,
Finland,FIN,2000.0,5.345004,32689.77,27.2
Finland,FIN,2001.0,5.298701,33481.68,
Finland,FIN,2002.0,5.233677,33986.55,
Finland,FIN,2003.0,5.164113,34607.22,27.7
Finland,FIN,2004.0,5.103527,35888.61,27.9
Finland,FIN,2005.0,5.069844,36787.26,27.6
Finland,FIN,2006.0,5.052651,38160.7,28.0
Finland,FIN,2007.0,5.034262,39998.53,28.3
Finland,FIN,2008.0,5.01573,40129.65,27.8
Finland,FIN,2009.0,4.997501,36662.61,27.5
Finland,FIN,2010.0,4.981612,37615.11,27.7
Finland,FIN,2011.0,4.961094,38432.0,27.6
Finland,FIN,2012.0,4.939423,37704.0,27.1
Finland,FIN,2013.0,4.916404,37246.0,27.2
Finland,FIN,2014.0,4.888971,36858.0,26.8
Finland,FIN,2015.0,4.857565,36836.0,27.1
Finland,FIN,2016.0,4.825886,37239.0,27.1
Finland,FIN,2017.0,4.792736,38366.56,27.4
France,FRA,1990.0,4.600998,28129.0,
France,FRA,1991.0,4.56418,28294.26,
France,FRA,1992.0,4.531907,28619.8,
France,FRA,1993.0,4.505929,28336.16,
France,FRA,1994.0,4.48833,28907.98,32.3
France,FRA,1995.0,4.480829,29418.86,
France,FRA,1996.0,4.472545,29736.64,
France,FRA,1997.0,4.458008,30341.81,
France,FRA,1998.0,4.43857,31323.08,
France,FRA,1999.0,4.424647,32284.61,
France,FRA,2000.0,4.41477,33409.68,31.1
France,FRA,2001.0,4.393213,33920.1,
France,FRA,2002.0,4.352313,34152.77,
France,FRA,2003.0,4.302944,34292.03,31.4
France,FRA,2004.0,4.256865,35093.82,30.6
France,FRA,2005.0,4.227,35495.46,29.8
France,FRA,2006.0,4.227962,36166.16,29.7
France,FRA,2007.0,4.260417,36845.69,32.4
France,FRA,2008.0,4.305071,36761.79,33.0
France,FRA,2009.0,4.339659,35534.93,32.7
France,FRA,2010.0,4.352983,36086.73,33.7
France,FRA,2011.0,4.347922,36691.0,33.3
France,FRA,2012.0,4.340423,36571.0,33.1
France,FRA,2013.0,4.32967,36632.0,32.5
France,FRA,2014.0,4.316753,36527.0,32.3
France,FRA,2015.0,4.299326,36827.0,32.7
France,FRA,2016.0,4.278159,37124.0,31.9
France,FRA,2017.0,4.253807,37895.0,31.6
Gabon,GAB,1990.0,4.119036,7646.0,
Gabon,GAB,1991.0,4.123089,8296.57,
Gabon,GAB,1992.0,4.127025,8194.5,
Gabon,GAB,1993.0,4.131429,8551.06,
Gabon,GAB,1994.0,4.135414,9192.56,
Gabon,GAB,1995.0,4.138827,9833.99,
Gabon,GAB,1996.0,4.144224,10389.21,
Gabon,GAB,1997.0,4.149918,11202.84,
Gabon,GAB,1998.0,4.153103,11758.16,
Gabon,GAB,1999.0,4.157619,10648.09,
Gabon,GAB,2000.0,4.15824,10637.8,
Gabon,GAB,2001.0,4.157819,11104.55,
Gabon,GAB,2002.0,4.158253,11141.46,
Gabon,GAB,2003.0,4.159599,11665.83,
Gabon,GAB,2004.0,4.159302,12022.51,
Gabon,GAB,2005.0,4.157097,12437.96,42.2
Gabon,GAB,2006.0,4.145076,12342.78,
Gabon,GAB,2007.0,4.124147,13455.61,
Gabon,GAB,2008.0,4.099767,13330.25,
Gabon,GAB,2009.0,4.081139,13617.9,
Gabon,GAB,2010.0,4.069163,14926.7,
Gabon,GAB,2011.0,4.064521,16403.0,
Gabon,GAB,2012.0,4.059848,16932.0,
Gabon,GAB,2013.0,4.054203,17532.0,
Gabon,GAB,2014.0,4.051451,18053.0,
Gabon,GAB,2015.0,4.049274,18389.0,
Gabon,GAB,2016.0,4.048539,18413.0,
Gabon,GAB,2017.0,4.049029,17963.01,38.0
Gambia,GMB,1990.0,4.155237,1400.0,
Gambia,GMB,1991.0,4.163263,1390.71,
Gambia,GMB,1992.0,4.171035,1391.41,
Gambia,GMB,1993.0,4.176721,1385.59,
Gambia,GMB,1994.0,4.184318,1345.04,
Gambia,GMB,1995.0,4.190311,1317.24,
Gambia,GMB,1996.0,4.19587,1336.85,
Gambia,GMB,1997.0,4.203826,1308.49,
Gambia,GMB,1998.0,4.209495,1324.92,
Gambia,GMB,1999.0,4.216879,1385.63,
Gambia,GMB,2000.0,4.224732,1440.86,
Gambia,GMB,2001.0,4.230066,1495.09,
Gambia,GMB,2002.0,4.234873,1473.4,
Gambia,GMB,2003.0,4.240417,1478.96,
Gambia,GMB,2004.0,4.240772,1585.8,
Gambia,GMB,2005.0,4.236921,1541.61,
Gambia,GMB,2006.0,4.221721,1530.68,
Gambia,GMB,2007.0,4.19142,1557.85,
Gambia,GMB,2008.0,4.156638,1618.44,
Gambia,GMB,2009.0,4.129868,1692.64,
Gambia,GMB,2010.0,4.119213,1772.73,
Gambia,GMB,2011.0,4.1203,1669.0,
Gambia,GMB,2012.0,4.122449,1725.0,
Gambia,GMB,2013.0,4.12743,1767.0,
Gambia,GMB,2014.0,4.132475,1743.0,
Gambia,GMB,2015.0,4.13884,1786.0,
Gambia,GMB,2016.0,4.148847,1788.0,
Gambia,GMB,2017.0,4.158517,1819.41,
Georgia,GEO,1990.0,2.784808,12140.0,
Georgia,GEO,1991.0,2.773673,9535.05,
Georgia,GEO,1992.0,2.765139,5286.92,
Georgia,GEO,1993.0,2.757044,3792.62,
Georgia,GEO,1994.0,2.753385,3463.48,
Georgia,GEO,1995.0,2.75061,3610.84,
Georgia,GEO,1996.0,2.750939,4030.88,37.1
Georgia,GEO,1997.0,2.757046,4480.9,40.7
Georgia,GEO,1998.0,2.766024,4619.9,41.3
Georgia,GEO,1999.0,2.771796,4763.35,40.1
Georgia,GEO,2000.0,2.775152,4891.66,40.5
Georgia,GEO,2001.0,2.776171,5125.13,39.6
Georgia,GEO,2002.0,2.777238,5406.95,37.2
Georgia,GEO,2003.0,2.779253,6013.01,36.7
Georgia,GEO,2004.0,2.782174,6342.71,36.2
Georgia,GEO,2005.0,2.784664,6849.79,37.4
Georgia,GEO,2006.0,2.784744,7398.05,36.9
Georgia,GEO,2007.0,2.78403,8300.14,38.1
Georgia,GEO,2008.0,2.781577,8461.92,38.5
Georgia,GEO,2009.0,2.783439,8062.08,38.2
Georgia,GEO,2010.0,2.783825,8443.44,39.5
Georgia,GEO,2011.0,2.786203,8946.0,39.6
Georgia,GEO,2012.0,2.787449,9491.0,39.0
Georgia,GEO,2013.0,2.789678,9829.0,38.6
Georgia,GEO,2014.0,2.791195,10297.0,37.6
Georgia,GEO,2015.0,2.793426,10603.0,36.5
Georgia,GEO,2016.0,2.79403,10899.0,36.6
Georgia,GEO,2017.0,2.797379,11430.72,37.9
Germany,DEU,1990.0,3.94704,25391.0,
Germany,DEU,1991.0,3.938162,26769.96,29.4
Germany,DEU,1992.0,3.930588,27385.06,29.2
Germany,DEU,1993.0,3.920866,27250.7,28.7
Germany,DEU,1994.0,3.909669,28140.06,29.2
Germany,DEU,1995.0,3.899397,28868.95,29.0
Germany,DEU,1996.0,3.882934,29349.98,28.4
Germany,DEU,1997.0,3.857159,30186.94,28.3
Germany,DEU,1998.0,3.827479,31129.58,28.3
Germany,DEU,1999.0,3.804899,32087.6,29.1
Germany,DEU,2000.0,3.79665,33367.28,28.9
Germany,DEU,2001.0,3.810194,34260.29,30.1
Germany,DEU,2002.0,3.844408,34590.93,29.9
Germany,DEU,2003.0,3.882226,34716.44,30.1
Germany,DEU,2004.0,3.916444,35528.71,30.3
Germany,DEU,2005.0,3.931693,36205.58,31.8
Germany,DEU,2006.0,3.932749,38014.14,31.2
Germany,DEU,2007.0,3.931454,39752.21,31.4
Germany,DEU,2008.0,3.929604,40715.43,30.9
Germany,DEU,2009.0,3.927844,38962.94,30.5
Germany,DEU,2010.0,3.927668,41109.58,30.3
Germany,DEU,2011.0,3.92806,43189.0,30.8
Germany,DEU,2012.0,3.930375,43320.0,31.1
Germany,DEU,2013.0,3.934021,43413.0,31.5
Germany,DEU,2014.0,3.940119,43922.0,30.9
Germany,DEU,2015.0,3.946206,44293.0,31.6
Germany,DEU,2016.0,3.949598,44689.0,31.6
Germany,DEU,2017.0,3.959866,45619.78,31.2
Ghana,GHA,1990.0,3.37191,1693.0,
Ghana,GHA,1991.0,3.363799,1742.63,38.4
Ghana,GHA,1992.0,3.358845,1771.6,
Ghana,GHA,1993.0,3.353649,1791.11,
Ghana,GHA,1994.0,3.349984,1813.61,
Ghana,GHA,1995.0,3.347018,1856.57,
Ghana,GHA,1996.0,3.346663,1907.93,
Ghana,GHA,1997.0,3.351128,1964.91,
Ghana,GHA,1998.0,3.357838,2017.99,40.1
Ghana,GHA,1999.0,3.363242,2066.74,
Ghana,GHA,2000.0,3.367332,2100.29,
Ghana,GHA,2001.0,3.37207,2143.11,
Ghana,GHA,2002.0,3.378144,2192.02,
Ghana,GHA,2003.0,3.384365,2256.82,
Ghana,GHA,2004.0,3.390656,2329.52,
Ghana,GHA,2005.0,3.394195,2411.29,42.8
Ghana,GHA,2006.0,3.392917,2503.96,
Ghana,GHA,2007.0,3.388954,2553.17,
Ghana,GHA,2008.0,3.381607,2725.79,
Ghana,GHA,2009.0,3.376001,2793.87,
Ghana,GHA,2010.0,3.371397,2946.04,
Ghana,GHA,2011.0,3.370711,3283.0,
Ghana,GHA,2012.0,3.37133,3508.0,42.4
Ghana,GHA,2013.0,3.372319,3683.0,
Ghana,GHA,2014.0,3.375781,3747.0,
Ghana,GHA,2015.0,3.382018,3809.0,
Ghana,GHA,2016.0,3.388093,3878.0,43.5
Ghana,GHA,2017.0,3.396647,4103.56,
Greece,GRC,1990.0,4.077248,15964.0,
Greece,GRC,1991.0,4.030599,16409.69,
Greece,GRC,1992.0,3.999921,16545.96,
Greece,GRC,1993.0,3.983216,16331.31,
Greece,GRC,1994.0,3.976716,16724.29,
Greece,GRC,1995.0,3.975901,17148.2,37.0
Greece,GRC,1996.0,3.998333,17719.56,
Greece,GRC,1997.0,4.051676,18588.3,
Greece,GRC,1998.0,4.12221,19378.71,
Greece,GRC,1999.0,4.189615,20076.56,
Greece,GRC,2000.0,4.235863,20965.33,34.2
Greece,GRC,2001.0,4.269788,21913.8,
Greece,GRC,2002.0,4.305083,22893.96,
Greece,GRC,2003.0,4.338623,24380.07,32.8
Greece,GRC,2004.0,4.364038,25780.39,33.6
Greece,GRC,2005.0,4.377243,26091.52,34.6
Greece,GRC,2006.0,4.375195,27731.11,35.1
Greece,GRC,2007.0,4.367724,28822.92,34.0
Greece,GRC,2008.0,4.355115,28907.93,33.6
Greece,GRC,2009.0,4.339084,27839.9,33.6
Greece,GRC,2010.0,4.32432,26517.47,34.1
Greece,GRC,2011.0,4.308968,24349.0,34.8
Greece,GRC,2012.0,4.291949,22693.0,36.3
Greece,GRC,2013.0,4.272856,22118.0,36.1
Greece,GRC,2014.0,4.252704,22344.0,35.8
Greece,GRC,2015.0,4.231759,22442.0,36.0
Greece,GRC,2016.0,4.208264,22574.0,35.0
Greece,GRC,2017.0,4.185864,22959.12,34.4
Guatemala,GTM,1990.0,3.213616,5165.0,
Guatemala,GTM,1991.0,3.234091,5166.55,
Guatemala,GTM,1992.0,3.25672,5303.6,
Guatemala,GTM,1993.0,3.279665,5382.98,
Guatemala,GTM,1994.0,3.303338,5414.54,
Guatemala,GTM,1995.0,3.324058,5501.04,
Guatemala,GTM,1996.0,3.353594,5511.9,
Guatemala,GTM,1997.0,3.392958,5601.21,
Guatemala,GTM,1998.0,3.4329,5730.65,
Guatemala,GTM,1999.0,3.466129,5824.88,
Guatemala,GTM,2000.0,3.482448,5860.27,54.2
Guatemala,GTM,2001.0,3.486581,5882.72,
Guatemala,GTM,2002.0,3.487929,5980.24,
Guatemala,GTM,2003.0,3.487568,6004.14,
Guatemala,GTM,2004.0,3.48479,6070.19,
Guatemala,GTM,2005.0,3.480905,6130.48,
Guatemala,GTM,2006.0,3.466441,6305.82,54.6
Guatemala,GTM,2007.0,3.438977,6545.75,
Guatemala,GTM,2008.0,3.406449,6604.68,
Guatemala,GTM,2009.0,3.374171,6488.65,
Guatemala,GTM,2010.0,3.348861,6526.46,
Guatemala,GTM,2011.0,3.327176,6650.0,
Guatemala,GTM,2012.0,3.305923,6714.0,
Guatemala,GTM,2013.0,3.28505,6829.0,
Guatemala,GTM,2014.0,3.265867,6981.0,48.3
Guatemala,GTM,2015.0,3.249042,7138.0,
Guatemala,GTM,2016.0,3.231614,7221.0,
Guatemala,GTM,2017.0,3.216025,7308.27,
Guinea,GIN,1990.0,3.467324,861.0,
Guinea,GIN,1991.0,3.47039,827.01,46.8
Guinea,GIN,1992.0,3.47353,833.23,
Guinea,GIN,1993.0,3.476375,862.73,
Guinea,GIN,1994.0,3.480515,882.49,46.1
Guinea,GIN,1995.0,3.484282,906.26,
Guinea,GIN,1996.0,3.488361,927.13,
Guinea,GIN,1997.0,3.496091,976.5,
Guinea,GIN,1998.0,3.503054,1010.79,
Guinea,GIN,1999.0,3.510285,1031.38,
Guinea,GIN,2000.0,3.516054,1046.57,
Guinea,GIN,2001.0,3.520862,1090.65,
Guinea,GIN,2002.0,3.524538,1148.54,43.0
Guinea,GIN,2003.0,3.527883,1146.34,
Guinea,GIN,2004.0,3.531434,1159.83,
Guinea,GIN,2005.0,3.535905,1186.6,
Guinea,GIN,2006.0,3.536202,1188.48,
Guinea,GIN,2007.0,3.535666,1253.41,39.4
Guinea,GIN,2008.0,3.535645,1290.4,
Guinea,GIN,2009.0,3.535604,1255.24,
Guinea,GIN,2010.0,3.537796,1291.7,
Guinea,GIN,2011.0,3.538543,1347.0,
Guinea,GIN,2012.0,3.54052,1397.0,33.7
Guinea,GIN,2013.0,3.542947,1421.0,
Guinea,GIN,2014.0,3.546566,1399.0,
Guinea,GIN,2015.0,3.550241,1364.0,
Guinea,GIN,2016.0,3.555368,1417.0,
Guinea,GIN,2017.0,3.560933,1562.51,
Guinea-Bissau,GNB,1990.0,3.539436,1270.0,
Guinea-Bissau,GNB,1991.0,3.544097,1282.73,
Guinea-Bissau,GNB,1992.0,3.54922,1287.28,
Guinea-Bissau,GNB,1993.0,3.552658,1280.34,43.6
Guinea-Bissau,GNB,1994.0,3.557758,1284.93,
Guinea-Bissau,GNB,1995.0,3.561961,1310.19,
Guinea-Bissau,GNB,1996.0,3.567914,1337.47,
Guinea-Bissau,GNB,1997.0,3.574033,1388.1,
Guinea-Bissau,GNB,1998.0,3.582561,1130.81,
Guinea-Bissau,GNB,1999.0,3.589831,1256.08,
Guinea-Bissau,GNB,2000.0,3.595993,1230.64,
Guinea-Bissau,GNB,2001.0,3.602998,1233.07,
Guinea-Bissau,GNB,2002.0,3.610025,1196.23,35.6
Guinea-Bissau,GNB,2003.0,3.618033,1181.94,
Guinea-Bissau,GNB,2004.0,3.626225,1194.67,
Guinea-Bissau,GNB,2005.0,3.631591,1226.56,
Guinea-Bissau,GNB,2006.0,3.635534,1233.81,
Guinea-Bissau,GNB,2007.0,3.640708,1252.57,
Guinea-Bissau,GNB,2008.0,3.643305,1270.72,
Guinea-Bissau,GNB,2009.0,3.648185,1292.03,
Guinea-Bissau,GNB,2010.0,3.652354,1329.37,50.7
Guinea-Bissau,GNB,2011.0,3.653309,1413.0,
Guinea-Bissau,GNB,2012.0,3.654301,1361.0,
Guinea-Bissau,GNB,2013.0,3.655794,1378.0,
Guinea-Bissau,GNB,2014.0,3.659408,1355.0,
Guinea-Bissau,GNB,2015.0,3.660965,1393.0,
Guinea-Bissau,GNB,2016.0,3.66221,1436.0,
Guinea-Bissau,GNB,2017.0,3.66543,1482.97,
Haiti,HTI,1990.0,2.928932,1602.0,
Haiti,HTI,1991.0,2.944318,1628.72,
Haiti,HTI,1992.0,2.955007,1535.97,
Haiti,HTI,1993.0,2.965574,1443.18,
Haiti,HTI,1994.0,2.972054,1262.34,
Haiti,HTI,1995.0,2.974571,1378.54,
Haiti,HTI,1996.0,2.972392,1426.41,
Haiti,HTI,1997.0,2.969582,1456.23,
Haiti,HTI,1998.0,2.963545,1480.58,
Haiti,HTI,1999.0,2.960721,1513.33,
Haiti,HTI,2000.0,2.957589,1520.73,
Haiti,HTI,2001.0,2.957412,1501.1,
Haiti,HTI,2002.0,2.957335,1494.18,
Haiti,HTI,2003.0,2.957239,1495.89,
Haiti,HTI,2004.0,2.957308,1439.21,
Haiti,HTI,2005.0,2.957059,1461.8,
Haiti,HTI,2006.0,2.959837,1493.04,
Haiti,HTI,2007.0,2.961196,1541.77,
Haiti,HTI,2008.0,2.963383,1555.49,
Haiti,HTI,2009.0,2.965933,1604.11,
Haiti,HTI,2010.0,2.969454,1556.55,
Haiti,HTI,2011.0,2.972952,1648.0,
Haiti,HTI,2012.0,2.971102,1674.0,41.1
Haiti,HTI,2013.0,2.96962,1722.0,
Haiti,HTI,2014.0,2.967465,1749.0,
Haiti,HTI,2015.0,2.964077,1742.0,
Haiti,HTI,2016.0,2.959489,1728.0,
Haiti,HTI,2017.0,2.957782,1725.61,
Honduras,HND,1990.0,2.603462,2960.0,57.4
Honduras,HND,1991.0,2.604091,2993.12,51.9
Honduras,HND,1992.0,2.607025,3094.55,51.8
Honduras,HND,1993.0,2.611694,3216.88,53.5
Honduras,HND,1994.0,2.61689,3105.97,55.0
Honduras,HND,1995.0,2.621319,3163.83,55.5
Honduras,HND,1996.0,2.628368,3210.27,55.7
Honduras,HND,1997.0,2.638674,3303.27,52.7
Honduras,HND,1998.0,2.650255,3332.91,57.4
Honduras,HND,1999.0,2.661172,3215.18,55.4
Honduras,HND,2000.0,2.670577,3335.72,
Honduras,HND,2001.0,2.679205,3365.23,55.4
Honduras,HND,2002.0,2.688082,3431.25,55.7
Honduras,HND,2003.0,2.698531,3527.12,58.1
Honduras,HND,2004.0,2.707266,3686.67,58.1
Honduras,HND,2005.0,2.713694,3851.06,59.5
Honduras,HND,2006.0,2.717066,4045.3,57.5
Honduras,HND,2007.0,2.720641,4237.3,55.8
Honduras,HND,2008.0,2.724235,4358.76,55.5
Honduras,HND,2009.0,2.727727,4200.16,51.3
Honduras,HND,2010.0,2.729848,4305.89,53.1
Honduras,HND,2011.0,2.731877,4421.0,52.6
Honduras,HND,2012.0,2.736479,4518.0,53.4
Honduras,HND,2013.0,2.739904,4561.0,50.0
Honduras,HND,2014.0,2.74293,4620.0,49.9
Honduras,HND,2015.0,2.74576,4706.0,49.2
Honduras,HND,2016.0,2.74957,4796.0,49.8
Honduras,HND,2017.0,2.752301,4941.3,49.4
Hungary,HUN,1990.0,3.214377,10296.0,
Hungary,HUN,1991.0,3.223918,9255.91,29.6
Hungary,HUN,1992.0,3.226339,9153.92,
Hungary,HUN,1993.0,3.22741,9294.46,27.9
Hungary,HUN,1994.0,3.224948,9772.22,33.3
Hungary,HUN,1995.0,3.219006,10134.83,
Hungary,HUN,1996.0,3.193625,10359.18,
Hungary,HUN,1997.0,3.139432,10942.33,
Hungary,HUN,1998.0,3.073759,11663.03,
Hungary,HUN,1999.0,3.010566,12316.72,30.2
Hungary,HUN,2000.0,2.965647,13129.27,
Hungary,HUN,2001.0,2.938742,13933.56,
Hungary,HUN,2002.0,2.914889,14899.31,
Hungary,HUN,2003.0,2.894994,15829.9,
Hungary,HUN,2004.0,2.87494,16999.01,29.9
Hungary,HUN,2005.0,2.855418,18140.62,34.7
Hungary,HUN,2006.0,2.834078,19253.06,28.3
Hungary,HUN,2007.0,2.813205,19763.79,27.9
Hungary,HUN,2008.0,2.795158,20380.63,27.5
Hungary,HUN,2009.0,2.77864,19461.07,27.0
Hungary,HUN,2010.0,2.767358,20036.33,29.4
Hungary,HUN,2011.0,2.761039,20886.0,29.2
Hungary,HUN,2012.0,2.756551,20631.0,30.8
Hungary,HUN,2013.0,2.752576,21126.0,31.5
Hungary,HUN,2014.0,2.753656,22040.0,30.9
Hungary,HUN,2015.0,2.754503,22788.0,30.4
Hungary,HUN,2016.0,2.758478,23279.0,30.3
Hungary,HUN,2017.0,2.765242,24349.96,30.6
Iceland,ISL,1990.0,3.59111,28760.0,
Iceland,ISL,1991.0,3.592401,28258.02,
Iceland,ISL,1992.0,3.590929,26859.28,
Iceland,ISL,1993.0,3.590585,26833.8,
Iceland,ISL,1994.0,3.587726,27457.81,
Iceland,ISL,1995.0,3.58302,27235.83,
Iceland,ISL,1996.0,3.574877,28277.79,
Iceland,ISL,1997.0,3.560435,29939.14,
Iceland,ISL,1998.0,3.542659,31444.62,
Iceland,ISL,1999.0,3.525197,32186.93,
Iceland,ISL,2000.0,3.509585,33108.29,
Iceland,ISL,2001.0,3.494552,33794.45,
Iceland,ISL,2002.0,3.477466,33470.49,
Iceland,ISL,2003.0,3.458468,33920.71,26.8
Iceland,ISL,2004.0,3.440801,36209.24,28.0
Iceland,ISL,2005.0,3.42279,37884.06,29.0
Iceland,ISL,2006.0,3.402373,38707.21,30.2
Iceland,ISL,2007.0,3.382677,41111.15,29.5
Iceland,ISL,2008.0,3.367176,40810.23,31.8
Iceland,ISL,2009.0,3.360182,37701.85,28.7
Iceland,ISL,2010.0,3.358979,36272.69,26.2
Iceland,ISL,2011.0,3.36087,36740.0,26.8
Iceland,ISL,2012.0,3.361724,36990.0,26.8
Iceland,ISL,2013.0,3.361856,38258.0,25.4
Iceland,ISL,2014.0,3.361046,38563.0,27.8
Iceland,ISL,2015.0,3.360755,39727.0,26.8
Iceland,ISL,2016.0,3.360144,42085.0,27.2
Iceland,ISL,2017.0,3.361665,42978.23,26.1
India,IND,1990.0,3.758695,2087.0,
India,IND,1991.0,3.804294,2062.31,
India,IND,1992.0,3.844711,2115.26,
India,IND,1993.0,3.877968,2176.43,31.7
India,IND,1994.0,3.903063,2254.9,
India,IND,1995.0,3.917893,2355.96,
India,IND,1996.0,3.92294,2475.57,
India,IND,1997.0,3.922614,2514.02,
India,IND,1998.0,3.920098,2611.78,
India,IND,1999.0,3.918082,2707.74,
India,IND,2000.0,3.920528,2753.09,
India,IND,2001.0,3.932223,2837.86,
India,IND,2002.0,3.95214,2870.92,
India,IND,2003.0,3.972797,3035.92,
India,IND,2004.0,3.98767,3212.51,34.4
India,IND,2005.0,3.990432,3396.65,
India,IND,2006.0,3.939382,3629.41,
India,IND,2007.0,3.826047,3870.7,
India,IND,2008.0,3.691869,4030.65,
India,IND,2009.0,3.577715,4270.71,35.4
India,IND,2010.0,3.5259,4525.75,
India,IND,2011.0,3.520174,4768.0,35.7
India,IND,2012.0,3.51598,4932.0,
India,IND,2013.0,3.5134,5172.0,
India,IND,2014.0,3.513171,5458.0,
India,IND,2015.0,3.515554,5794.0,34.7
India,IND,2016.0,3.520805,6125.0,34.8
India,IND,2017.0,3.529853,6449.11,35.9
Indonesia,IDN,1990.0,2.632151,4007.0,32.3
Indonesia,IDN,1991.0,2.626713,4310.78,
Indonesia,IDN,1992.0,2.622194,4536.41,
Indonesia,IDN,1993.0,2.61879,4837.13,33.2
Indonesia,IDN,1994.0,2.616341,5140.03,
Indonesia,IDN,1995.0,2.615768,5494.9,
Indonesia,IDN,1996.0,2.616892,5851.3,35.6
Indonesia,IDN,1997.0,2.618268,6055.85,
Indonesia,IDN,1998.0,2.619794,5203.58,32.2
Indonesia,IDN,1999.0,2.621846,5186.71,32.1
Indonesia,IDN,2000.0,2.623082,5384.39,29.5
Indonesia,IDN,2001.0,2.625586,5526.15,30.0
Indonesia,IDN,2002.0,2.628493,5720.28,32.8
Indonesia,IDN,2003.0,2.631728,5938.88,33.0
Indonesia,IDN,2004.0,2.634367,6180.91,33.9
Indonesia,IDN,2005.0,2.635058,6482.01,34.1
Indonesia,IDN,2006.0,2.632224,6782.62,35.3
Indonesia,IDN,2007.0,2.625918,7157.31,36.7
Indonesia,IDN,2008.0,2.618158,7633.17,36.1
Indonesia,IDN,2009.0,2.612387,7935.84,36.0
Indonesia,IDN,2010.0,2.609842,8386.43,37.2
Indonesia,IDN,2011.0,2.610547,8849.0,40.5
Indonesia,IDN,2012.0,2.612448,9285.0,40.5
Indonesia,IDN,2013.0,2.615656,9703.0,40.8
Indonesia,IDN,2014.0,2.619625,10090.0,40.2
Indonesia,IDN,2015.0,2.625926,10484.0,40.4
Indonesia,IDN,2016.0,2.633091,10911.0,39.3
Indonesia,IDN,2017.0,2.642736,11364.55,38.8
Iran,IRN,1990.0,4.712232,5620.0,
Iran,IRN,1991.0,4.7477,6380.55,
Iran,IRN,1992.0,4.777006,7036.32,
Iran,IRN,1993.0,4.80082,6914.77,
Iran,IRN,1994.0,4.817555,6884.71,
Iran,IRN,1995.0,4.825794,7093.73,
Iran,IRN,1996.0,4.819996,7746.41,
Iran,IRN,1997.0,4.802077,8113.72,
Iran,IRN,1998.0,4.779428,8458.39,
Iran,IRN,1999.0,4.761053,8714.63,
Iran,IRN,2000.0,4.754774,9104.76,
Iran,IRN,2001.0,4.770717,9620.63,
Iran,IRN,2002.0,4.805213,10467.37,
Iran,IRN,2003.0,4.84572,11502.85,
Iran,IRN,2004.0,4.881462,12404.32,
Iran,IRN,2005.0,4.898904,13110.14,
Iran,IRN,2006.0,4.903796,14185.75,
Iran,IRN,2007.0,4.909821,15467.11,
Iran,IRN,2008.0,4.915721,15739.98,
Iran,IRN,2009.0,4.921871,16575.07,
Iran,IRN,2010.0,4.926663,17751.33,
Iran,IRN,2011.0,4.935346,18024.0,
Iran,IRN,2012.0,4.952557,16745.0,
Iran,IRN,2013.0,4.975984,16248.0,
Iran,IRN,2014.0,5.005541,16493.0,
Iran,IRN,2015.0,5.039831,16253.0,
Iran,IRN,2016.0,5.077386,16783.0,
Iran,IRN,2017.0,5.116345,17686.8,
Iraq,IRQ,1990.0,3.790959,3918.0,
Iraq,IRQ,1991.0,3.816959,1518.74,
Iraq,IRQ,1992.0,3.834182,2046.18,
Iraq,IRQ,1993.0,3.844594,2132.38,
Iraq,IRQ,1994.0,3.848235,2108.54,
Iraq,IRQ,1995.0,3.84852,1996.93,
Iraq,IRQ,1996.0,3.831562,2337.52,
Iraq,IRQ,1997.0,3.792611,2337.95,
Iraq,IRQ,1998.0,3.744328,2794.79,
Iraq,IRQ,1999.0,3.703615,3157.11,
Iraq,IRQ,2000.0,3.685493,3649.49,
Iraq,IRQ,2001.0,3.680931,4147.65,
Iraq,IRQ,2002.0,3.678887,4631.65,
Iraq,IRQ,2003.0,3.678336,3782.45,
Iraq,IRQ,2004.0,3.679442,6061.55,
Iraq,IRQ,2005.0,3.679807,6441.41,
Iraq,IRQ,2006.0,3.681522,7117.61,28.6
Iraq,IRQ,2007.0,3.683579,7587.61,
Iraq,IRQ,2008.0,3.687278,8587.26,
Iraq,IRQ,2009.0,3.693152,9268.71,
Iraq,IRQ,2010.0,3.697384,10274.33,
Iraq,IRQ,2011.0,3.708303,11484.0,
Iraq,IRQ,2012.0,3.72696,12652.0,29.5
Iraq,IRQ,2013.0,3.749134,13158.0,
Iraq,IRQ,2014.0,3.778974,12817.0,
Iraq,IRQ,2015.0,3.813491,13014.0,
Iraq,IRQ,2016.0,3.850367,13898.0,
Iraq,IRQ,2017.0,3.891163,13211.26,
Ireland,IRL,1990.0,4.160592,18838.0,
Ireland,IRL,1991.0,4.179122,19253.94,
Ireland,IRL,1992.0,4.194804,20032.72,
Ireland,IRL,1993.0,4.210405,20627.08,
Ireland,IRL,1994.0,4.224017,22004.81,36.9
Ireland,IRL,1995.0,4.231725,24266.14,37.0
Ireland,IRL,1996.0,4.244814,26562.91,35.6
Ireland,IRL,1997.0,4.265165,29455.92,
Ireland,IRL,1998.0,4.289213,31908.65,
Ireland,IRL,1999.0,4.310122,35377.16,
Ireland,IRL,2000.0,4.325263,38806.5,33.0
Ireland,IRL,2001.0,4.333706,40966.33,
Ireland,IRL,2002.0,4.34665,43012.81,32.3
Ireland,IRL,2003.0,4.357451,44372.76,32.9
Ireland,IRL,2004.0,4.36515,47028.86,33.6
Ireland,IRL,2005.0,4.368399,49223.38,33.8
Ireland,IRL,2006.0,4.366668,51296.19,32.7
Ireland,IRL,2007.0,4.359767,52322.23,31.9
Ireland,IRL,2008.0,4.35549,49583.14,30.9
Ireland,IRL,2009.0,4.34969,47375.73,32.7
Ireland,IRL,2010.0,4.344662,48623.81,32.3
Ireland,IRL,2011.0,4.338509,48980.0,32.9
Ireland,IRL,2012.0,4.328853,48333.0,33.2
Ireland,IRL,2013.0,4.317934,48743.0,33.5
Ireland,IRL,2014.0,4.301374,52651.0,31.9
Ireland,IRL,2015.0,4.286581,54278.0,31.8
Ireland,IRL,2016.0,4.269448,56597.0,32.8
Ireland,IRL,2017.0,4.250921,60544.28,31.4
Israel,ISR,1990.0,4.011663,20829.0,
Israel,ISR,1991.0,4.053225,20912.94,
Israel,ISR,1992.0,4.088545,21531.6,35.5
Israel,ISR,1993.0,4.123589,21484.98,
Israel,ISR,1994.0,4.15013,22128.8,
Israel,ISR,1995.0,4.171746,23378.16,
Israel,ISR,1996.0,4.190588,23980.0,
Israel,ISR,1997.0,4.205758,24226.73,38.1
Israel,ISR,1998.0,4.218667,24506.16,
Israel,ISR,1999.0,4.228286,24644.2,
Israel,ISR,2000.0,4.229199,26058.84,
Israel,ISR,2001.0,4.223129,25427.32,38.9
Israel,ISR,2002.0,4.212075,24823.55,39.6
Israel,ISR,2003.0,4.196425,24545.25,40.7
Israel,ISR,2004.0,4.180606,25210.88,41.5
Israel,ISR,2005.0,4.166551,25686.41,42.3
Israel,ISR,2006.0,4.151368,26571.26,41.6
Israel,ISR,2007.0,4.135361,27624.88,41.1
Israel,ISR,2008.0,4.11655,27857.62,41.6
Israel,ISR,2009.0,4.097488,27644.7,42.6
Israel,ISR,2010.0,4.07706,28575.53,42.5
Israel,ISR,2011.0,4.055852,29370.0,41.4
Israel,ISR,2012.0,4.028824,29517.0,41.6
Israel,ISR,2013.0,3.996729,30257.0,40.2
Israel,ISR,2014.0,3.960832,30686.0,39.8
Israel,ISR,2015.0,3.92133,30954.0,39.7
Israel,ISR,2016.0,3.876893,31701.0,39.0
Israel,ISR,2017.0,3.832221,32339.09,38.2
Italy,ITA,1990.0,3.782417,26003.0,
Italy,ITA,1991.0,3.715023,26570.36,31.5
Italy,ITA,1992.0,3.651698,26960.61,
Italy,ITA,1993.0,3.596572,26902.4,35.5
Italy,ITA,1994.0,3.555711,27668.26,
Italy,ITA,1995.0,3.530343,28666.35,35.2
Italy,ITA,1996.0,3.514964,29231.28,
Italy,ITA,1997.0,3.498997,29960.7,
Italy,ITA,1998.0,3.481261,30649.63,36.7
Italy,ITA,1999.0,3.466312,31340.48,
Italy,ITA,2000.0,3.458641,32716.98,35.3
Italy,ITA,2001.0,3.449578,33511.43,
Italy,ITA,2002.0,3.435921,33780.05,
Italy,ITA,2003.0,3.418576,33917.8,34.9
Italy,ITA,2004.0,3.403169,34472.13,34.3
Italy,ITA,2005.0,3.392412,34872.13,33.8
Italy,ITA,2006.0,3.393027,35713.8,33.7
Italy,ITA,2007.0,3.409353,36310.73,32.9
Italy,ITA,2008.0,3.430772,35942.94,33.8
Italy,ITA,2009.0,3.447503,34055.23,33.8
Italy,ITA,2010.0,3.455801,34765.94,34.7
Italy,ITA,2011.0,3.455118,35151.0,35.1
Italy,ITA,2012.0,3.455367,34068.0,35.2
Italy,ITA,2013.0,3.454904,33094.0,34.9
Italy,ITA,2014.0,3.456543,32829.0,34.7
Italy,ITA,2015.0,3.458618,33118.0,35.4
Italy,ITA,2016.0,3.459977,33419.0,35.2
Italy,ITA,2017.0,3.464256,34027.34,35.9
Jamaica,JAM,1990.0,2.578595,6035.0,41.1
Jamaica,JAM,1991.0,2.568978,6116.58,
Jamaica,JAM,1992.0,2.557442,6292.03,
Jamaica,JAM,1993.0,2.549578,6414.48,35.7
Jamaica,JAM,1994.0,2.543731,6517.05,
Jamaica,JAM,1995.0,2.541776,6656.28,
Jamaica,JAM,1996.0,2.542172,6648.93,40.4
Jamaica,JAM,1997.0,2.546256,6523.64,
Jamaica,JAM,1998.0,2.547117,6432.65,
Jamaica,JAM,1999.0,2.551045,6485.32,44.1
Jamaica,JAM,2000.0,2.551216,6531.28,
Jamaica,JAM,2001.0,2.553989,6615.19,
Jamaica,JAM,2002.0,2.557785,6660.76,48.3
Jamaica,JAM,2003.0,2.561818,6908.67,
Jamaica,JAM,2004.0,2.563666,7004.98,45.5
Jamaica,JAM,2005.0,2.566573,7073.77,
Jamaica,JAM,2006.0,2.566225,7286.97,
Jamaica,JAM,2007.0,2.561822,7402.18,
Jamaica,JAM,2008.0,2.56029,7353.11,
Jamaica,JAM,2009.0,2.555994,7115.37,
Jamaica,JAM,2010.0,2.556094,7025.93,
Jamaica,JAM,2011.0,2.557727,7141.0,
Jamaica,JAM,2012.0,2.560541,7053.0,
Jamaica,JAM,2013.0,2.563119,7017.0,
Jamaica,JAM,2014.0,2.56829,7005.0,
Jamaica,JAM,2015.0,2.575587,7024.0,
Jamaica,JAM,2016.0,2.582892,7084.0,
Jamaica,JAM,2017.0,2.592385,7135.18,
Japan,JPN,1990.0,3.062597,29949.0,
Japan,JPN,1991.0,3.064306,30837.43,
Japan,JPN,1992.0,3.064719,30977.81,
Japan,JPN,1993.0,3.064858,30920.66,
Japan,JPN,1994.0,3.063447,31135.43,
Japan,JPN,1995.0,3.06158,31887.28,
Japan,JPN,1996.0,3.051899,32784.16,
Japan,JPN,1997.0,3.032029,33038.29,
Japan,JPN,1998.0,3.01007,32558.19,
Japan,JPN,1999.0,2.993176,32394.52,
Japan,JPN,2000.0,2.988969,33210.81,
Japan,JPN,2001.0,2.999525,33246.39,
Japan,JPN,2002.0,3.016933,33195.4,
Japan,JPN,2003.0,3.03731,33619.95,
Japan,JPN,2004.0,3.056779,34313.56,
Japan,JPN,2005.0,3.071846,34857.76,
Japan,JPN,2006.0,3.082956,35333.11,
Japan,JPN,2007.0,3.094048,35892.71,
Japan,JPN,2008.0,3.104944,35496.23,34.8
Japan,JPN,2009.0,3.116651,33590.01,
Japan,JPN,2010.0,3.129768,35011.4,32.1
Japan,JPN,2011.0,3.146267,34979.0,
Japan,JPN,2012.0,3.168773,35580.0,
Japan,JPN,2013.0,3.195748,36354.0,32.9
Japan,JPN,2014.0,3.227353,36537.0,
Japan,JPN,2015.0,3.262431,37031.0,
Japan,JPN,2016.0,3.300907,37465.0,
Japan,JPN,2017.0,3.341565,38414.86,
Jordan,JOR,1990.0,3.840655,6044.0,
Jordan,JOR,1991.0,3.837284,5900.51,
Jordan,JOR,1992.0,3.832834,6456.12,43.4
Jordan,JOR,1993.0,3.828542,6460.66,
Jordan,JOR,1994.0,3.823285,6538.17,
Jordan,JOR,1995.0,3.817717,6760.11,
Jordan,JOR,1996.0,3.812465,6783.23,
Jordan,JOR,1997.0,3.804683,6942.46,36.4
Jordan,JOR,1998.0,3.795528,7120.49,
Jordan,JOR,1999.0,3.785147,7340.49,
Jordan,JOR,2000.0,3.775597,7621.84,
Jordan,JOR,2001.0,3.763616,7982.74,
Jordan,JOR,2002.0,3.747279,8394.06,37.0
Jordan,JOR,2003.0,3.731477,8669.62,
Jordan,JOR,2004.0,3.713504,9288.62,
Jordan,JOR,2005.0,3.696963,9860.81,
Jordan,JOR,2006.0,3.673622,10404.56,33.9
Jordan,JOR,2007.0,3.644577,10938.8,
Jordan,JOR,2008.0,3.61251,11378.26,32.6
Jordan,JOR,2009.0,3.58732,11651.25,
Jordan,JOR,2010.0,3.574125,11601.09,33.7
Jordan,JOR,2011.0,3.567991,11615.0,
Jordan,JOR,2012.0,3.561739,11523.0,
Jordan,JOR,2013.0,3.558155,11488.0,
Jordan,JOR,2014.0,3.556434,11523.0,
Jordan,JOR,2015.0,3.55496,11519.0,
Jordan,JOR,2016.0,3.558849,11529.0,
Jordan,JOR,2017.0,3.563602,11494.38,
Kazakhstan,KAZ,1990.0,3.423123,11888.0,
Kazakhstan,KAZ,1991.0,3.428476,10557.12,
Kazakhstan,KAZ,1992.0,3.437113,10012.61,
Kazakhstan,KAZ,1993.0,3.447594,9173.64,
Kazakhstan,KAZ,1994.0,3.458693,8178.79,
Kazakhstan,KAZ,1995.0,3.470587,7674.06,
Kazakhstan,KAZ,1996.0,3.490043,7826.86,35.4
Kazakhstan,KAZ,1997.0,3.516238,8093.8,
Kazakhstan,KAZ,1998.0,3.542781,8088.65,
Kazakhstan,KAZ,1999.0,3.565997,8421.35,
Kazakhstan,KAZ,2000.0,3.575827,9309.42,
Kazakhstan,KAZ,2001.0,3.57605,10589.1,36.0
Kazakhstan,KAZ,2002.0,3.573918,11640.18,34.8
Kazakhstan,KAZ,2003.0,3.570802,12726.29,33.7
Kazakhstan,KAZ,2004.0,3.565391,13929.73,31.8
Kazakhstan,KAZ,2005.0,3.560473,15233.84,39.8
Kazakhstan,KAZ,2006.0,3.555675,16786.55,30.2
Kazakhstan,KAZ,2007.0,3.550027,18181.06,30.1
Kazakhstan,KAZ,2008.0,3.542525,18665.77,28.5
Kazakhstan,KAZ,2009.0,3.536234,18750.54,28.2
Kazakhstan,KAZ,2010.0,3.532259,19964.53,28.0
Kazakhstan,KAZ,2011.0,3.528115,21302.0,28.0
Kazakhstan,KAZ,2012.0,3.525116,22089.0,28.2
Kazakhstan,KAZ,2013.0,3.520886,23131.0,27.1
Kazakhstan,KAZ,2014.0,3.519001,23841.0,27.0
Kazakhstan,KAZ,2015.0,3.515736,23850.0,26.8
Kazakhstan,KAZ,2016.0,3.513734,23842.0,27.2
Kazakhstan,KAZ,2017.0,3.511775,24556.91,27.5
Kenya,KEN,1990.0,3.636329,1780.0,
Kenya,KEN,1991.0,3.631228,1777.78,
Kenya,KEN,1992.0,3.628246,1724.87,57.5
Kenya,KEN,1993.0,3.627331,1698.25,
Kenya,KEN,1994.0,3.627459,1729.72,43.1
Kenya,KEN,1995.0,3.629549,1789.89,
Kenya,KEN,1996.0,3.639874,1851.28,
Kenya,KEN,1997.0,3.660154,1846.37,45.0
Kenya,KEN,1998.0,3.683708,1889.97,
Kenya,KEN,1999.0,3.702923,1920.83,
Kenya,KEN,2000.0,3.711449,1914.89,
Kenya,KEN,2001.0,3.711071,1972.38,
Kenya,KEN,2002.0,3.707975,1961.89,
Kenya,KEN,2003.0,3.702907,1997.78,
Kenya,KEN,2004.0,3.695774,2066.21,
Kenya,KEN,2005.0,3.68651,2157.84,46.5
Kenya,KEN,2006.0,3.669656,2255.26,
Kenya,KEN,2007.0,3.642446,2380.78,
Kenya,KEN,2008.0,3.611467,2357.23,
Kenya,KEN,2009.0,3.583207,2404.63,
Kenya,KEN,2010.0,3.563583,2579.53,
Kenya,KEN,2011.0,3.55137,2712.0,
Kenya,KEN,2012.0,3.540023,2765.0,
Kenya,KEN,2013.0,3.529982,2854.0,
Kenya,KEN,2014.0,3.521565,2942.0,
Kenya,KEN,2015.0,3.514888,3046.0,40.8
Kenya,KEN,2016.0,3.510561,3169.0,
Kenya,KEN,2017.0,3.508419,3249.88,
Kuwait,KWT,1990.0,3.574274,9757.0,
Kuwait,KWT,1991.0,3.559359,6310.91,
Kuwait,KWT,1992.0,3.546893,12965.07,
Kuwait,KWT,1993.0,3.537948,19955.31,
Kuwait,KWT,1994.0,3.529734,24532.41,
Kuwait,KWT,1995.0,3.526879,27552.96,
Kuwait,KWT,1996.0,3.527299,29612.66,
Kuwait,KWT,1997.0,3.530244,31511.19,
Kuwait,KWT,1998.0,3.537333,33331.3,
Kuwait,KWT,1999.0,3.542158,33351.2,
Kuwait,KWT,2000.0,3.547975,35844.75,
Kuwait,KWT,2001.0,3.550267,37225.87,
Kuwait,KWT,2002.0,3.553949,39943.15,
Kuwait,KWT,2003.0,3.555692,48809.71,
Kuwait,KWT,2004.0,3.558908,55911.79,
Kuwait,KWT,2005.0,3.564094,62959.6,
Kuwait,KWT,2006.0,3.562302,68546.14,
Kuwait,KWT,2007.0,3.553385,73096.87,
Kuwait,KWT,2008.0,3.54323,75138.12,
Kuwait,KWT,2009.0,3.537446,70072.73,
Kuwait,KWT,2010.0,3.539318,68865.31,
Kuwait,KWT,2011.0,3.547218,77126.0,
Kuwait,KWT,2012.0,3.558861,78801.0,
Kuwait,KWT,2013.0,3.571217,75256.0,
Kuwait,KWT,2014.0,3.582742,72508.0,
Kuwait,KWT,2015.0,3.598983,71354.0,
Kuwait,KWT,2016.0,3.616657,71010.0,
Kuwait,KWT,2017.0,3.635679,66010.14,
Kyrgyzstan,KGZ,1990.0,3.194862,5742.0,
Kyrgyzstan,KGZ,1991.0,3.199626,5161.9,
Kyrgyzstan,KGZ,1992.0,3.205225,4362.11,
Kyrgyzstan,KGZ,1993.0,3.208185,3764.94,
Kyrgyzstan,KGZ,1994.0,3.209605,2993.83,
Kyrgyzstan,KGZ,1995.0,3.207246,2776.03,
Kyrgyzstan,KGZ,1996.0,3.202817,2901.55,
Kyrgyzstan,KGZ,1997.0,3.196887,3114.68,
Kyrgyzstan,KGZ,1998.0,3.188767,3105.96,
Kyrgyzstan,KGZ,1999.0,3.180752,3144.46,
Kyrgyzstan,KGZ,2000.0,3.174517,3246.38,
Kyrgyzstan,KGZ,2001.0,3.16706,3357.99,
Kyrgyzstan,KGZ,2002.0,3.157218,3299.25,
Kyrgyzstan,KGZ,2003.0,3.146469,3464.82,
Kyrgyzstan,KGZ,2004.0,3.136324,3632.15,
Kyrgyzstan,KGZ,2005.0,3.126502,3554.19,
Kyrgyzstan,KGZ,2006.0,3.115539,3594.57,
Kyrgyzstan,KGZ,2007.0,3.103477,3831.49,
Kyrgyzstan,KGZ,2008.0,3.092692,4046.72,
Kyrgyzstan,KGZ,2009.0,3.081771,4075.83,
Kyrgyzstan,KGZ,2010.0,3.075846,3977.65,
Kyrgyzstan,KGZ,2011.0,3.0722,4142.0,
Kyrgyzstan,KGZ,2012.0,3.068219,4104.0,
Kyrgyzstan,KGZ,2013.0,3.064054,4509.0,
Kyrgyzstan,KGZ,2014.0,3.060367,4644.0,
Kyrgyzstan,KGZ,2015.0,3.056355,4754.0,
Kyrgyzstan,KGZ,2016.0,3.055067,4879.0,
Kyrgyzstan,KGZ,2017.0,3.053673,5055.92,
Laos,LAO,1990.0,2.89951,1481.0,
Laos,LAO,1991.0,2.926229,1512.48,
Laos,LAO,1992.0,2.948154,1563.91,
Laos,LAO,1993.0,2.962173,1622.55,
Laos,LAO,1994.0,2.972031,1718.12,
Laos,LAO,1995.0,2.975201,1801.54,
Laos,LAO,1996.0,2.967245,1899.9,
Laos,LAO,1997.0,2.947506,2002.24,
Laos,LAO,1998.0,2.922596,2050.88,
Laos,LAO,1999.0,2.900491,2167.78,
Laos,LAO,2000.0,2.888245,2262.24,
Laos,LAO,2001.0,2.885592,2365.1,
Laos,LAO,2002.0,2.883402,2486.99,
Laos,LAO,2003.0,2.884395,2625.35,
Laos,LAO,2004.0,2.884185,2784.68,
Laos,LAO,2005.0,2.88176,2948.7,
Laos,LAO,2006.0,2.878912,2896.14,
Laos,LAO,2007.0,2.874339,3389.36,
Laos,LAO,2008.0,2.870565,3614.48,
Laos,LAO,2009.0,2.865837,3843.83,
Laos,LAO,2010.0,2.867502,4114.01,
Laos,LAO,2011.0,2.868013,4401.0,
Laos,LAO,2012.0,2.871419,4670.0,
Laos,LAO,2013.0,2.876081,4961.0,
Laos,LAO,2014.0,2.882535,5251.0,
Laos,LAO,2015.0,2.890786,5559.0,
Laos,LAO,2016.0,2.900348,5859.0,
Laos,LAO,2017.0,2.912431,6166.28,
Latvia,LVA,1990.0,3.996279,15806.0,
Latvia,LVA,1991.0,3.998186,13774.93,
Latvia,LVA,1992.0,3.997481,9411.2,
Latvia,LVA,1993.0,3.995843,8439.33,27.0
Latvia,LVA,1994.0,3.991979,8704.27,
Latvia,LVA,1995.0,3.986539,8709.07,31.0
Latvia,LVA,1996.0,3.969301,8947.27,31.6
Latvia,LVA,1997.0,3.940015,9773.5,
Latvia,LVA,1998.0,3.904821,10429.77,
Latvia,LVA,1999.0,3.866319,10707.71,
Latvia,LVA,2000.0,3.831643,11309.74,
Latvia,LVA,2001.0,3.791211,12103.83,
Latvia,LVA,2002.0,3.741702,13015.47,
Latvia,LVA,2003.0,3.685693,14142.12,
Latvia,LVA,2004.0,3.636927,15371.18,36.4
Latvia,LVA,2005.0,3.600181,17069.66,39.0
Latvia,LVA,2006.0,3.573916,19128.69,35.6
Latvia,LVA,2007.0,3.549109,21042.37,37.5
Latvia,LVA,2008.0,3.526203,20342.2,37.2
Latvia,LVA,2009.0,3.509444,17582.11,36.0
Latvia,LVA,2010.0,3.503259,17140.23,35.0
Latvia,LVA,2011.0,3.498914,18428.0,35.8
Latvia,LVA,2012.0,3.496173,19405.0,35.2
Latvia,LVA,2013.0,3.493617,20129.0,35.5
Latvia,LVA,2014.0,3.493358,20751.0,35.1
Latvia,LVA,2015.0,3.493756,21488.0,34.2
Latvia,LVA,2016.0,3.49462,22092.0,34.3
Latvia,LVA,2017.0,3.499571,23132.8,35.6
Lebanon,LBN,1990.0,3.329072,3086.0,
Lebanon,LBN,1991.0,3.365621,4326.3,
Lebanon,LBN,1992.0,3.4008,4618.01,
Lebanon,LBN,1993.0,3.436388,5053.28,
Lebanon,LBN,1994.0,3.472406,5585.67,
Lebanon,LBN,1995.0,3.50681,6095.4,
Lebanon,LBN,1996.0,3.543116,6567.4,
Lebanon,LBN,1997.0,3.584086,6581.05,
Lebanon,LBN,1998.0,3.626519,6994.16,
Lebanon,LBN,1999.0,3.670152,7147.55,
Lebanon,LBN,2000.0,3.706646,7405.71,
Lebanon,LBN,2001.0,3.738494,7836.83,
Lebanon,LBN,2002.0,3.772428,8248.1,
Lebanon,LBN,2003.0,3.803186,8671.19,
Lebanon,LBN,2004.0,3.825067,9491.61,
Lebanon,LBN,2005.0,3.83438,9933.08,
Lebanon,LBN,2006.0,3.832061,10236.87,
Lebanon,LBN,2007.0,3.83102,11276.51,
Lebanon,LBN,2008.0,3.826748,12479.11,
Lebanon,LBN,2009.0,3.821405,14039.35,
Lebanon,LBN,2010.0,3.813957,15622.37,
Lebanon,LBN,2011.0,3.803032,16230.0,31.8
Lebanon,LBN,2012.0,3.790641,16315.0,
Lebanon,LBN,2013.0,3.773901,15055.0,
Lebanon,LBN,2014.0,3.751703,13416.0,
Lebanon,LBN,2015.0,3.728943,12953.0,
Lebanon,LBN,2016.0,3.703887,12972.0,
Lebanon,LBN,2017.0,3.676734,12880.78,
Lesotho,LSO,1990.0,5.268593,1882.0,
Lesotho,LSO,1991.0,5.237179,1853.54,
Lesotho,LSO,1992.0,5.211806,1914.62,
Lesotho,LSO,1993.0,5.192722,1903.68,
Lesotho,LSO,1994.0,5.184715,1924.09,63.2
Lesotho,LSO,1995.0,5.189638,1888.7,
Lesotho,LSO,1996.0,5.205749,1931.66,
Lesotho,LSO,1997.0,5.23404,1940.31,
Lesotho,LSO,1998.0,5.265851,1922.68,
Lesotho,LSO,1999.0,5.298026,1923.9,
Lesotho,LSO,2000.0,5.32702,1967.43,
Lesotho,LSO,2001.0,5.353524,1997.36,
Lesotho,LSO,2002.0,5.382628,1959.03,51.6
Lesotho,LSO,2003.0,5.412972,2003.09,
Lesotho,LSO,2004.0,5.443641,2004.06,
Lesotho,LSO,2005.0,5.472301,2013.81,
Lesotho,LSO,2006.0,5.502849,2056.33,
Lesotho,LSO,2007.0,5.534674,2106.84,
Lesotho,LSO,2008.0,5.568149,2177.86,
Lesotho,LSO,2009.0,5.591766,2199.39,
Lesotho,LSO,2010.0,5.606717,2313.88,
Lesotho,LSO,2011.0,5.610888,2346.0,
Lesotho,LSO,2012.0,5.618396,2456.0,
Lesotho,LSO,2013.0,5.622644,2559.0,
Lesotho,LSO,2014.0,5.626747,2644.0,
Lesotho,LSO,2015.0,5.63104,2710.0,
Lesotho,LSO,2016.0,5.63577,2767.0,
Lesotho,LSO,2017.0,5.636661,2720.65,44.9
Liberia,LBR,1990.0,3.515593,1690.0,
Liberia,LBR,1991.0,3.512677,1568.4,
Liberia,LBR,1992.0,3.510626,915.12,
Liberia,LBR,1993.0,3.507037,560.33,
Liberia,LBR,1994.0,3.504196,418.12,
Liberia,LBR,1995.0,3.503879,377.58,
Liberia,LBR,1996.0,3.505538,391.09,
Liberia,LBR,1997.0,3.506592,701.79,
Liberia,LBR,1998.0,3.506174,772.68,
Liberia,LBR,1999.0,3.50691,848.42,
Liberia,LBR,2000.0,3.507859,971.93,
Liberia,LBR,2001.0,3.537049,1097.25,
Liberia,LBR,2002.0,3.604055,1342.76,
Liberia,LBR,2003.0,3.680998,851.91,
Liberia,LBR,2004.0,3.746194,760.88,
Liberia,LBR,2005.0,3.775619,755.22,
Liberia,LBR,2006.0,3.775176,769.29,
Liberia,LBR,2007.0,3.773701,768.21,36.5
Liberia,LBR,2008.0,3.769009,811.16,
Liberia,LBR,2009.0,3.765529,838.45,
Liberia,LBR,2010.0,3.765963,854.24,
Liberia,LBR,2011.0,3.76837,820.0,
Liberia,LBR,2012.0,3.771549,853.0,
Liberia,LBR,2013.0,3.773608,900.0,
Liberia,LBR,2014.0,3.779556,884.0,33.2
Liberia,LBR,2015.0,3.786835,865.0,
Liberia,LBR,2016.0,3.793659,829.0,35.3
Liberia,LBR,2017.0,3.803038,828.61,
Libya,LBY,1990.0,3.711808,4921.0,
Libya,LBY,1991.0,3.71006,5977.34,
Libya,LBY,1992.0,3.709759,6113.35,
Libya,LBY,1993.0,3.713259,6190.68,
Libya,LBY,1994.0,3.717947,6645.08,
Libya,LBY,1995.0,3.723724,6898.95,
Libya,LBY,1996.0,3.730502,7543.94,
Libya,LBY,1997.0,3.740885,8422.21,
Libya,LBY,1998.0,3.75071,8545.48,
Libya,LBY,1999.0,3.757054,9064.07,
Libya,LBY,2000.0,3.764621,9770.98,
Libya,LBY,2001.0,3.769933,10354.48,
Libya,LBY,2002.0,3.774094,10787.67,
Libya,LBY,2003.0,3.776774,12870.57,
Libya,LBY,2004.0,3.778658,14193.26,
Libya,LBY,2005.0,3.781037,16538.56,
Libya,LBY,2006.0,3.781552,18657.06,
Libya,LBY,2007.0,3.781691,20731.72,
Libya,LBY,2008.0,3.781009,25140.6,
Libya,LBY,2009.0,3.781603,26403.79,
Libya,LBY,2010.0,3.783166,29157.14,
Libya,LBY,2011.0,3.783212,12893.0,
Libya,LBY,2012.0,3.786971,29766.0,
Libya,LBY,2013.0,3.787516,13326.0,
Libya,LBY,2014.0,3.790888,9736.0,
Libya,LBY,2015.0,3.797078,8514.0,
Libya,LBY,2016.0,3.799836,8096.0,
Libya,LBY,2017.0,3.804791,13008.45,
Lithuania,LTU,1990.0,4.253826,13809.0,
Lithuania,LTU,1991.0,4.271227,12999.31,
Lithuania,LTU,1992.0,4.287657,10240.94,
Lithuania,LTU,1993.0,4.305715,8621.1,33.6
Lithuania,LTU,1994.0,4.323683,7830.01,
Lithuania,LTU,1995.0,4.337913,8299.47,
Lithuania,LTU,1996.0,4.356112,8793.7,
Lithuania,LTU,1997.0,4.375673,9592.64,
Lithuania,LTU,1998.0,4.397036,10382.12,
Lithuania,LTU,1999.0,4.41188,10336.4,
Lithuania,LTU,2000.0,4.416878,10806.87,
Lithuania,LTU,2001.0,4.405587,11606.73,
Lithuania,LTU,2002.0,4.381207,12490.62,
Lithuania,LTU,2003.0,4.351887,13917.51,
Lithuania,LTU,2004.0,4.319055,14995.77,37.0
Lithuania,LTU,2005.0,4.294705,16417.95,35.3
Lithuania,LTU,2006.0,4.276555,17916.06,34.4
Lithuania,LTU,2007.0,4.258544,20138.47,34.8
Lithuania,LTU,2008.0,4.239608,20879.8,35.7
Lithuania,LTU,2009.0,4.22272,17983.35,37.2
Lithuania,LTU,2010.0,4.21008,18663.76,33.6
Lithuania,LTU,2011.0,4.199423,20243.0,32.5
Lithuania,LTU,2012.0,4.188997,21303.0,35.1
Lithuania,LTU,2013.0,4.176505,22274.0,35.3
Lithuania,LTU,2014.0,4.168826,23252.0,37.7
Lithuania,LTU,2015.0,4.158024,23889.0,37.4
Lithuania,LTU,2016.0,4.150702,24743.0,38.4
Lithuania,LTU,2017.0,4.143254,26157.21,37.3
Luxembourg,LUX,1990.0,4.048906,36706.0,
Luxembourg,LUX,1991.0,4.048632,39198.3,26.8
Luxembourg,LUX,1992.0,4.044123,39231.59,
Luxembourg,LUX,1993.0,4.039146,40179.49,
Luxembourg,LUX,1994.0,4.032234,40990.71,26.9
Luxembourg,LUX,1995.0,4.020713,40838.56,
Luxembourg,LUX,1996.0,4.003737,40687.9,
Luxembourg,LUX,1997.0,3.97116,42311.34,30.2
Luxembourg,LUX,1998.0,3.930376,44142.56,
Luxembourg,LUX,1999.0,3.891792,47061.11,
Luxembourg,LUX,2000.0,3.857618,50063.82,30.4
Luxembourg,LUX,2001.0,3.83053,50527.66,
Luxembourg,LUX,2002.0,3.802403,51709.74,
Luxembourg,LUX,2003.0,3.773386,51717.03,30.2
Luxembourg,LUX,2004.0,3.748774,52624.16,30.2
Luxembourg,LUX,2005.0,3.727495,53262.09,30.8
Luxembourg,LUX,2006.0,3.705709,54920.81,30.9
Luxembourg,LUX,2007.0,3.683434,58369.7,31.1
Luxembourg,LUX,2008.0,3.662968,56383.19,32.6
Luxembourg,LUX,2009.0,3.642918,52731.39,31.2
Luxembourg,LUX,2010.0,3.634747,54086.34,30.5
Luxembourg,LUX,2011.0,3.628451,54031.0,32.1
Luxembourg,LUX,2012.0,3.623865,52562.0,34.3
Luxembourg,LUX,2013.0,3.618721,53411.0,32.0
Luxembourg,LUX,2014.0,3.616397,55102.0,31.2
Luxembourg,LUX,2015.0,3.615115,55972.0,32.9
Luxembourg,LUX,2016.0,3.616485,57006.0,31.7
Luxembourg,LUX,2017.0,3.617719,56779.55,34.5
Madagascar,MDG,1990.0,3.764988,1262.0,
Madagascar,MDG,1991.0,3.764142,1160.67,
Madagascar,MDG,1992.0,3.760926,1152.65,
Madagascar,MDG,1993.0,3.758931,1154.19,45.3
Madagascar,MDG,1994.0,3.758095,1132.17,
Madagascar,MDG,1995.0,3.754829,1129.85,
Madagascar,MDG,1996.0,3.753806,1132.44,
Madagascar,MDG,1997.0,3.749509,1152.15,39.5
Madagascar,MDG,1998.0,3.744852,1174.23,
Madagascar,MDG,1999.0,3.741387,1206.89,38.6
Madagascar,MDG,2000.0,3.738487,1238.78,
Madagascar,MDG,2001.0,3.735973,1290.11,47.4
Madagascar,MDG,2002.0,3.732352,1110.82,
Madagascar,MDG,2003.0,3.728015,1198.44,
Madagascar,MDG,2004.0,3.725709,1239.9,
Madagascar,MDG,2005.0,3.722362,1276.49,39.9
Madagascar,MDG,2006.0,3.716046,1322.48,
Madagascar,MDG,2007.0,3.706131,1384.19,
Madagascar,MDG,2008.0,3.697655,1458.79,
Madagascar,MDG,2009.0,3.689922,1367.69,
Madagascar,MDG,2010.0,3.686116,1349.62,42.4
Madagascar,MDG,2011.0,3.687992,1347.0,
Madagascar,MDG,2012.0,3.689013,1351.0,42.6
Madagascar,MDG,2013.0,3.690235,1345.0,
Madagascar,MDG,2014.0,3.692832,1354.0,
Madagascar,MDG,2015.0,3.696718,1360.0,
Madagascar,MDG,2016.0,3.70291,1381.0,
Madagascar,MDG,2017.0,3.708514,1399.58,
Malawi,MWI,1990.0,3.510386,861.0,
Malawi,MWI,1991.0,3.527702,899.98,
Malawi,MWI,1992.0,3.537933,802.93,
Malawi,MWI,1993.0,3.542844,865.76,
Malawi,MWI,1994.0,3.54662,791.55,
Malawi,MWI,1995.0,3.545684,906.88,
Malawi,MWI,1996.0,3.532875,972.82,
Malawi,MWI,1997.0,3.504644,1005.85,65.8
Malawi,MWI,1998.0,3.468261,986.03,
Malawi,MWI,1999.0,3.435368,989.84,
Malawi,MWI,2000.0,3.416197,967.09,
Malawi,MWI,2001.0,3.409913,899.23,
Malawi,MWI,2002.0,3.405774,886.2,
Malawi,MWI,2003.0,3.403069,905.8,
Malawi,MWI,2004.0,3.401284,922.76,39.9
Malawi,MWI,2005.0,3.395339,920.05,
Malawi,MWI,2006.0,3.383244,929.48,
Malawi,MWI,2007.0,3.365967,982.39,
Malawi,MWI,2008.0,3.349879,1017.82,
Malawi,MWI,2009.0,3.335781,1061.95,
Malawi,MWI,2010.0,3.331398,1091.59,45.5
Malawi,MWI,2011.0,3.336904,1102.0,
Malawi,MWI,2012.0,3.344821,1085.0,
Malawi,MWI,2013.0,3.356859,1104.0,
Malawi,MWI,2014.0,3.372101,1129.0,
Malawi,MWI,2015.0,3.392795,1124.0,
Malawi,MWI,2016.0,3.417237,1112.0,44.7
Malawi,MWI,2017.0,3.446137,1118.77,
Malaysia,MYS,1990.0,3.221567,8179.0,
Malaysia,MYS,1991.0,3.224416,8781.21,
Malaysia,MYS,1992.0,3.227375,9383.93,47.7
Malaysia,MYS,1993.0,3.226866,10131.93,
Malaysia,MYS,1994.0,3.228043,10867.26,
Malaysia,MYS,1995.0,3.228262,11725.09,48.5
Malaysia,MYS,1996.0,3.224859,12668.67,
Malaysia,MYS,1997.0,3.218262,13344.57,49.1
Malaysia,MYS,1998.0,3.212175,12129.64,
Malaysia,MYS,1999.0,3.209483,12636.61,
Malaysia,MYS,2000.0,3.212443,13474.7,
Malaysia,MYS,2001.0,3.239027,13307.21,
Malaysia,MYS,2002.0,3.289095,13809.87,
Malaysia,MYS,2003.0,3.34399,14362.16,46.4
Malaysia,MYS,2004.0,3.391976,15087.25,46.1
Malaysia,MYS,2005.0,3.412226,15651.12,
Malaysia,MYS,2006.0,3.411037,16353.92,44.8
Malaysia,MYS,2007.0,3.404257,17209.58,46.1
Malaysia,MYS,2008.0,3.39477,17865.64,45.5
Malaysia,MYS,2009.0,3.389505,17430.44,
Malaysia,MYS,2010.0,3.386558,18574.3,
Malaysia,MYS,2011.0,3.38919,19390.0,43.9
Malaysia,MYS,2012.0,3.399075,20134.0,
Malaysia,MYS,2013.0,3.415474,20760.0,41.3
Malaysia,MYS,2014.0,3.435105,21683.0,
Malaysia,MYS,2015.0,3.461155,22432.0,41.1
Malaysia,MYS,2016.0,3.489505,23053.0,
Malaysia,MYS,2017.0,3.520854,24041.11,
Mali,MLI,1990.0,3.051099,1191.0,
Mali,MLI,1991.0,3.054843,1186.76,
Mali,MLI,1992.0,3.057325,1115.41,
Mali,MLI,1993.0,3.057794,1115.1,
Mali,MLI,1994.0,3.055951,1111.79,50.4
Mali,MLI,1995.0,3.05326,1100.24,
Mali,MLI,1996.0,3.043469,1130.51,
Mali,MLI,1997.0,3.022164,1160.95,
Mali,MLI,1998.0,2.998141,1167.43,
Mali,MLI,1999.0,2.975947,1192.32,
Mali,MLI,2000.0,2.960732,1153.05,
Mali,MLI,2001.0,2.953679,1309.26,39.9
Mali,MLI,2002.0,2.947429,1321.34,
Mali,MLI,2003.0,2.942945,1391.26,
Mali,MLI,2004.0,2.939232,1366.98,
Mali,MLI,2005.0,2.933965,1414.79,
Mali,MLI,2006.0,2.93208,1438.21,38.9
Mali,MLI,2007.0,2.929026,1441.21,
Mali,MLI,2008.0,2.925946,1460.5,
Mali,MLI,2009.0,2.925684,1477.42,33.0
Mali,MLI,2010.0,2.927157,1505.0,
Mali,MLI,2011.0,2.931646,1500.0,
Mali,MLI,2012.0,2.936596,1448.0,
Mali,MLI,2013.0,2.947397,1443.0,
Mali,MLI,2014.0,2.958984,1505.0,
Mali,MLI,2015.0,2.973458,1553.0,
Mali,MLI,2016.0,2.988319,1594.0,
Mali,MLI,2017.0,3.00742,1629.36,
Malta,MLT,1990.0,3.473631,13259.0,
Malta,MLT,1991.0,3.458078,13834.93,
Malta,MLT,1992.0,3.443676,14341.3,
Malta,MLT,1993.0,3.431744,14840.32,
Malta,MLT,1994.0,3.421655,15539.06,
Malta,MLT,1995.0,3.41575,16417.17,
Malta,MLT,1996.0,3.412645,16932.05,
Malta,MLT,1997.0,3.4089,17694.79,
Malta,MLT,1998.0,3.405387,18488.67,
Malta,MLT,1999.0,3.402344,19254.36,
Malta,MLT,2000.0,3.400413,20434.55,
Malta,MLT,2001.0,3.398177,20413.05,
Malta,MLT,2002.0,3.396016,20873.98,
Malta,MLT,2003.0,3.39451,21273.13,
Malta,MLT,2004.0,3.392075,21233.0,
Malta,MLT,2005.0,3.389502,21905.22,
Malta,MLT,2006.0,3.379254,22233.72,28.0
Malta,MLT,2007.0,3.36346,23048.26,29.2
Malta,MLT,2008.0,3.348204,23674.59,29.0
Malta,MLT,2009.0,3.333704,22927.66,30.2
Malta,MLT,2010.0,3.328033,23632.62,29.0
Malta,MLT,2011.0,3.327916,23871.0,29.1
Malta,MLT,2012.0,3.327814,24301.0,29.4
Malta,MLT,2013.0,3.333244,25162.0,28.8
Malta,MLT,2014.0,3.339847,26998.0,29.0
Malta,MLT,2015.0,3.347923,28700.0,29.4
Malta,MLT,2016.0,3.359126,29817.0,29.1
Malta,MLT,2017.0,3.374137,30901.93,29.2
Mauritania,MRT,1990.0,3.154185,1511.0,
Mauritania,MRT,1991.0,3.153412,1547.54,
Mauritania,MRT,1992.0,3.151902,1559.9,
Mauritania,MRT,1993.0,3.14845,1668.72,50.1
Mauritania,MRT,1994.0,3.145916,1733.0,
Mauritania,MRT,1995.0,3.141496,1686.2,37.7
Mauritania,MRT,1996.0,3.131579,1873.05,
Mauritania,MRT,1997.0,3.114574,1799.83,
Mauritania,MRT,1998.0,3.0958,1841.21,
Mauritania,MRT,1999.0,3.076091,1954.23,
Mauritania,MRT,2000.0,3.061933,1934.74,39.0
Mauritania,MRT,2001.0,3.053957,1964.45,
Mauritania,MRT,2002.0,3.045222,1967.45,
Mauritania,MRT,2003.0,3.037322,2076.23,
Mauritania,MRT,2004.0,3.032089,2185.95,40.2
Mauritania,MRT,2005.0,3.027473,2371.01,
Mauritania,MRT,2006.0,3.024118,2807.2,
Mauritania,MRT,2007.0,3.018331,2875.03,
Mauritania,MRT,2008.0,3.014705,2895.67,35.7
Mauritania,MRT,2009.0,3.013852,2855.57,
Mauritania,MRT,2010.0,3.013302,2982.75,
Mauritania,MRT,2011.0,3.018219,3104.0,
Mauritania,MRT,2012.0,3.022689,3213.0,
Mauritania,MRT,2013.0,3.032817,3319.0,
Mauritania,MRT,2014.0,3.044486,3459.0,32.6
Mauritania,MRT,2015.0,3.059015,3424.0,
Mauritania,MRT,2016.0,3.07509,3407.0,
Mauritania,MRT,2017.0,3.094161,3431.46,
Mauritius,MUS,1990.0,3.650597,11489.0,
Mauritius,MUS,1991.0,3.652193,11643.4,
Mauritius,MUS,1992.0,3.653775,12002.38,
Mauritius,MUS,1993.0,3.655156,12228.81,
Mauritius,MUS,1994.0,3.656721,12381.07,
Mauritius,MUS,1995.0,3.658729,12567.93,
Mauritius,MUS,1996.0,3.663023,12841.93,
Mauritius,MUS,1997.0,3.672637,13198.29,
Mauritius,MUS,1998.0,3.681982,13607.88,
Mauritius,MUS,1999.0,3.68872,13572.68,
Mauritius,MUS,2000.0,3.686279,14272.3,
Mauritius,MUS,2001.0,3.678018,14347.61,
Mauritius,MUS,2002.0,3.667044,14196.04,
Mauritius,MUS,2003.0,3.654115,14623.31,
Mauritius,MUS,2004.0,3.639739,14854.61,
Mauritius,MUS,2005.0,3.625917,14725.16,
Mauritius,MUS,2006.0,3.609756,15042.54,35.7
Mauritius,MUS,2007.0,3.592954,15519.42,
Mauritius,MUS,2008.0,3.576573,15957.96,
Mauritius,MUS,2009.0,3.561231,16029.26,
Mauritius,MUS,2010.0,3.549122,16269.32,
Mauritius,MUS,2011.0,3.537207,16483.0,
Mauritius,MUS,2012.0,3.527032,16893.0,38.5
Mauritius,MUS,2013.0,3.514981,17311.0,
Mauritius,MUS,2014.0,3.505226,17818.0,
Mauritius,MUS,2015.0,3.495053,18322.0,
Mauritius,MUS,2016.0,3.486806,18918.0,
Mauritius,MUS,2017.0,3.478524,19521.58,36.8
Mexico,MEX,1990.0,2.638417,9699.0,
Mexico,MEX,1991.0,2.656295,10008.55,
Mexico,MEX,1992.0,2.673297,10262.21,52.6
Mexico,MEX,1993.0,2.688769,10357.83,
Mexico,MEX,1994.0,2.701521,10721.01,52.8
Mexico,MEX,1995.0,2.710117,9944.95,
Mexico,MEX,1996.0,2.717737,10386.5,53.6
Mexico,MEX,1997.0,2.72766,11030.34,
Mexico,MEX,1998.0,2.738326,11510.88,51.7
Mexico,MEX,1999.0,2.748387,11894.2,
Mexico,MEX,2000.0,2.756713,12613.4,52.6
Mexico,MEX,2001.0,2.764529,12565.47,
Mexico,MEX,2002.0,2.773452,12645.5,50.1
Mexico,MEX,2003.0,2.782114,12793.96,
Mexico,MEX,2004.0,2.789094,13287.6,50.0
Mexico,MEX,2005.0,2.793921,13655.8,50.1
Mexico,MEX,2006.0,2.7925,14287.56,48.9
Mexico,MEX,2007.0,2.785756,14684.73,
Mexico,MEX,2008.0,2.776403,14808.09,49.9
Mexico,MEX,2009.0,2.766796,14026.99,
Mexico,MEX,2010.0,2.76109,14697.3,47.2
Mexico,MEX,2011.0,2.759083,15210.0,
Mexico,MEX,2012.0,2.75936,15639.0,48.7
Mexico,MEX,2013.0,2.761886,15680.0,
Mexico,MEX,2014.0,2.766085,15856.0,48.7
Mexico,MEX,2015.0,2.772136,16096.0,
Mexico,MEX,2016.0,2.779875,16133.0,47.7
Mexico,MEX,2017.0,2.788807,16308.64,
Moldova,MDA,1990.0,3.746781,9835.0,
Moldova,MDA,1991.0,3.733989,7957.69,
Moldova,MDA,1992.0,3.718514,5546.37,
Moldova,MDA,1993.0,3.703345,5383.86,
Moldova,MDA,1994.0,3.689238,3662.21,
Moldova,MDA,1995.0,3.67547,3558.83,
Moldova,MDA,1996.0,3.660298,3305.5,
Moldova,MDA,1997.0,3.643159,3322.48,36.9
Moldova,MDA,1998.0,3.62506,3078.01,39.5
Moldova,MDA,1999.0,3.607735,2949.91,42.6
Moldova,MDA,2000.0,3.5874,2989.53,36.4
Moldova,MDA,2001.0,3.56855,3150.63,38.0
Moldova,MDA,2002.0,3.545234,3373.71,35.8
Moldova,MDA,2003.0,3.521643,3575.27,34.9
Moldova,MDA,2004.0,3.500613,3813.43,35.0
Moldova,MDA,2005.0,3.48481,4073.67,36.3
Moldova,MDA,2006.0,3.471533,4243.07,35.4
Moldova,MDA,2007.0,3.458625,4342.75,34.4
Moldova,MDA,2008.0,3.448075,4652.46,34.7
Moldova,MDA,2009.0,3.44027,4342.53,32.9
Moldova,MDA,2010.0,3.437319,4615.32,32.1
Moldova,MDA,2011.0,3.437947,4892.0,30.6
Moldova,MDA,2012.0,3.435864,4905.0,29.2
Moldova,MDA,2013.0,3.432848,5421.0,28.5
Moldova,MDA,2014.0,3.431623,5739.0,26.8
Moldova,MDA,2015.0,3.430092,5775.0,27.0
Moldova,MDA,2016.0,3.431132,6068.0,26.3
Moldova,MDA,2017.0,3.432549,6419.14,25.9
Mongolia,MNG,1990.0,3.330137,2123.0,
Mongolia,MNG,1991.0,3.363218,1976.02,
Mongolia,MNG,1992.0,3.392693,1841.01,
Mongolia,MNG,1993.0,3.419994,1846.23,
Mongolia,MNG,1994.0,3.442428,1955.48,
Mongolia,MNG,1995.0,3.458539,2147.83,33.2
Mongolia,MNG,1996.0,3.473338,2271.8,
Mongolia,MNG,1997.0,3.487563,2445.01,
Mongolia,MNG,1998.0,3.499528,2620.49,30.3
Mongolia,MNG,1999.0,3.510416,2801.86,
Mongolia,MNG,2000.0,3.518584,2936.06,
Mongolia,MNG,2001.0,3.523426,3133.56,
Mongolia,MNG,2002.0,3.527995,3401.95,32.9
Mongolia,MNG,2003.0,3.533077,3775.44,
Mongolia,MNG,2004.0,3.538844,4334.23,
Mongolia,MNG,2005.0,3.544997,4822.23,
Mongolia,MNG,2006.0,3.551049,5426.85,
Mongolia,MNG,2007.0,3.560469,6196.59,35.8
Mongolia,MNG,2008.0,3.56917,6982.15,
Mongolia,MNG,2009.0,3.573566,7126.81,
Mongolia,MNG,2010.0,3.577486,7830.06,33.1
Mongolia,MNG,2011.0,3.576211,9484.0,33.9
Mongolia,MNG,2012.0,3.573164,10493.0,33.8
Mongolia,MNG,2013.0,3.56871,11545.0,
Mongolia,MNG,2014.0,3.560252,12283.0,32.0
Mongolia,MNG,2015.0,3.550133,12398.0,
Mongolia,MNG,2016.0,3.53802,12360.0,32.3
Mongolia,MNG,2017.0,3.525488,12767.82,
Montenegro,MNE,1990.0,2.548825,6605.0,
Montenegro,MNE,1991.0,2.553455,6068.22,
Montenegro,MNE,1992.0,2.560286,4605.3,
Montenegro,MNE,1993.0,2.565498,2981.8,
Montenegro,MNE,1994.0,2.570629,3073.92,
Montenegro,MNE,1995.0,2.572207,3571.07,
Montenegro,MNE,1996.0,2.575597,4663.16,
Montenegro,MNE,1997.0,2.57878,5121.73,
Montenegro,MNE,1998.0,2.580409,5522.1,
Montenegro,MNE,1999.0,2.583956,5142.73,
Montenegro,MNE,2000.0,2.585217,6046.14,
Montenegro,MNE,2001.0,2.585114,6429.56,
Montenegro,MNE,2002.0,2.585275,6897.73,
Montenegro,MNE,2003.0,2.585842,7445.05,
Montenegro,MNE,2004.0,2.58424,8193.75,
Montenegro,MNE,2005.0,2.585337,9002.22,
Montenegro,MNE,2006.0,2.585826,10307.65,
Montenegro,MNE,2007.0,2.587538,12027.43,
Montenegro,MNE,2008.0,2.587327,13550.36,
Montenegro,MNE,2009.0,2.587371,13459.5,
Montenegro,MNE,2010.0,2.585677,14509.77,
Montenegro,MNE,2011.0,2.584255,15747.0,
Montenegro,MNE,2012.0,2.581599,15421.0,41.2
Montenegro,MNE,2013.0,2.577204,16064.0,39.0
Montenegro,MNE,2014.0,2.573647,16437.0,38.8
Montenegro,MNE,2015.0,2.57097,17249.0,39.0
Montenegro,MNE,2016.0,2.564183,17741.0,38.5
Montenegro,MNE,2017.0,2.55864,18568.9,36.9
Morocco,MAR,1990.0,5.468472,4130.0,39.2
Morocco,MAR,1991.0,5.45781,4353.73,
Morocco,MAR,1992.0,5.4512,4194.45,
Morocco,MAR,1993.0,5.452734,4097.28,
Morocco,MAR,1994.0,5.456423,4461.06,
Morocco,MAR,1995.0,5.465268,4156.93,
Morocco,MAR,1996.0,5.49753,4603.65,
Morocco,MAR,1997.0,5.563449,4469.19,
Morocco,MAR,1998.0,5.641161,4729.18,39.4
Morocco,MAR,1999.0,5.707277,4720.77,
Morocco,MAR,2000.0,5.739526,4753.64,40.6
Morocco,MAR,2001.0,5.744704,5042.07,
Morocco,MAR,2002.0,5.743804,5140.87,
Morocco,MAR,2003.0,5.737973,5386.85,
Morocco,MAR,2004.0,5.73216,5584.15,
Morocco,MAR,2005.0,5.728669,5708.03,
Morocco,MAR,2006.0,5.725187,6076.95,40.7
Morocco,MAR,2007.0,5.719489,6228.43,
Morocco,MAR,2008.0,5.715825,6530.98,
Morocco,MAR,2009.0,5.707314,6741.46,
Morocco,MAR,2010.0,5.694719,6931.56,
Morocco,MAR,2011.0,5.679566,7226.0,
Morocco,MAR,2012.0,5.652818,7365.0,
Morocco,MAR,2013.0,5.61772,7619.0,39.5
Morocco,MAR,2014.0,5.574992,7733.0,
Morocco,MAR,2015.0,5.526705,8001.0,
Morocco,MAR,2016.0,5.472267,8039.0,
Morocco,MAR,2017.0,5.413573,8290.81,
Mozambique,MOZ,1990.0,3.755153,1776.0,
Mozambique,MOZ,1991.0,3.761645,1719.1,
Mozambique,MOZ,1992.0,3.767717,1482.42,
Mozambique,MOZ,1993.0,3.772736,1439.29,
Mozambique,MOZ,1994.0,3.779678,1312.37,
Mozambique,MOZ,1995.0,3.784766,1165.81,
Mozambique,MOZ,1996.0,3.79413,1325.6,53.6
Mozambique,MOZ,1997.0,3.802496,1323.69,
Mozambique,MOZ,1998.0,3.810355,1335.66,
Mozambique,MOZ,1999.0,3.818766,1301.58,
Mozambique,MOZ,2000.0,3.827449,1196.01,
Mozambique,MOZ,2001.0,3.8346,1219.38,
Mozambique,MOZ,2002.0,3.842862,1199.73,47.0
Mozambique,MOZ,2003.0,3.851475,1155.7,
Mozambique,MOZ,2004.0,3.861878,1125.83,
Mozambique,MOZ,2005.0,3.867162,1107.53,
Mozambique,MOZ,2006.0,3.870196,1099.34,
Mozambique,MOZ,2007.0,3.870559,1067.97,
Mozambique,MOZ,2008.0,3.869795,1031.36,45.6
Mozambique,MOZ,2009.0,3.870769,991.75,
Mozambique,MOZ,2010.0,3.87187,956.53,
Mozambique,MOZ,2011.0,3.876339,925.0,
Mozambique,MOZ,2012.0,3.880238,967.0,
Mozambique,MOZ,2013.0,3.883633,1011.0,
Mozambique,MOZ,2014.0,3.887694,1060.0,54.0
Mozambique,MOZ,2015.0,3.891948,1103.0,
Mozambique,MOZ,2016.0,3.895806,1113.0,
Mozambique,MOZ,2017.0,3.901795,1124.66,
Myanmar,MMR,1990.0,2.24431,1253.0,
Myanmar,MMR,1991.0,2.246085,1205.07,
Myanmar,MMR,1992.0,2.246402,1283.83,
Myanmar,MMR,1993.0,2.248158,1321.81,
Myanmar,MMR,1994.0,2.247234,1373.96,
Myanmar,MMR,1995.0,2.248275,1423.65,
Myanmar,MMR,1996.0,2.246978,1469.03,
Myanmar,MMR,1997.0,2.24188,1505.98,
Myanmar,MMR,1998.0,2.238113,1547.03,
Myanmar,MMR,1999.0,2.234059,1667.66,
Myanmar,MMR,2000.0,2.233269,1843.49,
Myanmar,MMR,2001.0,2.235922,1996.37,
Myanmar,MMR,2002.0,2.237573,2175.88,
Myanmar,MMR,2003.0,2.239579,2410.57,
Myanmar,MMR,2004.0,2.242549,2664.94,
Myanmar,MMR,2005.0,2.244641,2947.1,
Myanmar,MMR,2006.0,2.247225,3246.69,
Myanmar,MMR,2007.0,2.248896,3542.59,
Myanmar,MMR,2008.0,2.250329,3585.77,
Myanmar,MMR,2009.0,2.250691,3673.44,
Myanmar,MMR,2010.0,2.252659,3773.0,
Myanmar,MMR,2011.0,2.255905,3884.0,
Myanmar,MMR,2012.0,2.26182,4124.0,
Myanmar,MMR,2013.0,2.267493,4424.0,
Myanmar,MMR,2014.0,2.274676,4728.0,
Myanmar,MMR,2015.0,2.282712,5021.0,38.1
Myanmar,MMR,2016.0,2.290754,5284.0,
Myanmar,MMR,2017.0,2.300982,5536.43,30.7
Namibia,NAM,1990.0,3.423082,5007.0,
Namibia,NAM,1991.0,3.460116,5239.03,
Namibia,NAM,1992.0,3.488869,5532.67,
Namibia,NAM,1993.0,3.51145,5294.24,
Namibia,NAM,1994.0,3.527025,5545.46,
Namibia,NAM,1995.0,3.534541,5638.77,
Namibia,NAM,1996.0,3.530958,5687.12,
Namibia,NAM,1997.0,3.515869,5796.63,
Namibia,NAM,1998.0,3.49548,5859.88,
Namibia,NAM,1999.0,3.477792,5926.43,
Namibia,NAM,2000.0,3.468631,5971.81,
Namibia,NAM,2001.0,3.466144,5888.43,
Namibia,NAM,2002.0,3.463626,6069.32,
Namibia,NAM,2003.0,3.461968,6082.43,63.3
Namibia,NAM,2004.0,3.46033,6712.77,
Namibia,NAM,2005.0,3.457831,6807.58,
Namibia,NAM,2006.0,3.445784,7208.69,
Namibia,NAM,2007.0,3.424845,7509.53,
Namibia,NAM,2008.0,3.403207,7618.03,
Namibia,NAM,2009.0,3.384934,7548.13,61.0
Namibia,NAM,2010.0,3.37891,7905.54,
Namibia,NAM,2011.0,3.380567,8203.0,
Namibia,NAM,2012.0,3.385248,8483.0,
Namibia,NAM,2013.0,3.393388,8793.0,
Namibia,NAM,2014.0,3.402632,9170.0,
Namibia,NAM,2015.0,3.417682,9462.0,59.1
Namibia,NAM,2016.0,3.434254,9376.0,
Namibia,NAM,2017.0,3.45997,9188.0,
Nepal,NPL,1990.0,3.52818,1315.0,
Nepal,NPL,1991.0,3.50839,1360.78,
Nepal,NPL,1992.0,3.498804,1374.66,
Nepal,NPL,1993.0,3.494081,1385.24,
Nepal,NPL,1994.0,3.491185,1456.02,
Nepal,NPL,1995.0,3.490207,1468.08,35.2
Nepal,NPL,1996.0,3.512896,1511.73,
Nepal,NPL,1997.0,3.560633,1558.4,
Nepal,NPL,1998.0,3.617845,1570.66,
Nepal,NPL,1999.0,3.667612,1609.18,
Nepal,NPL,2000.0,3.691927,1676.75,
Nepal,NPL,2001.0,3.69314,1738.31,
Nepal,NPL,2002.0,3.694366,1709.78,
Nepal,NPL,2003.0,3.693213,1747.78,43.8
Nepal,NPL,2004.0,3.693459,1802.14,
Nepal,NPL,2005.0,3.696481,1836.31,
Nepal,NPL,2006.0,3.703321,1884.19,
Nepal,NPL,2007.0,3.712909,1927.39,
Nepal,NPL,2008.0,3.723817,2021.15,
Nepal,NPL,2009.0,3.731793,2085.24,
Nepal,NPL,2010.0,3.739465,2152.27,32.8
Nepal,NPL,2011.0,3.739861,2189.0,
Nepal,NPL,2012.0,3.732376,2258.0,
Nepal,NPL,2013.0,3.717788,2316.0,
Nepal,NPL,2014.0,3.697063,2421.0,
Nepal,NPL,2015.0,3.672807,2455.0,
Nepal,NPL,2016.0,3.640557,2435.0,
Nepal,NPL,2017.0,3.606939,2600.03,
Netherlands,NLD,1990.0,4.074103,27515.0,31.1
Netherlands,NLD,1991.0,4.119896,28126.78,
Netherlands,NLD,1992.0,4.158248,28555.73,
Netherlands,NLD,1993.0,4.185603,28880.0,30.4
Netherlands,NLD,1994.0,4.204405,29727.56,
Netherlands,NLD,1995.0,4.206622,30680.35,
Netherlands,NLD,1996.0,4.19392,31811.74,
Netherlands,NLD,1997.0,4.175035,33199.63,
Netherlands,NLD,1998.0,4.14939,34688.55,
Netherlands,NLD,1999.0,4.121637,36409.08,28.1
Netherlands,NLD,2000.0,4.098514,37899.95,
Netherlands,NLD,2001.0,4.080509,38636.22,
Netherlands,NLD,2002.0,4.069092,38653.12,
Netherlands,NLD,2003.0,4.058864,38803.96,
Netherlands,NLD,2004.0,4.053583,39682.38,29.8
Netherlands,NLD,2005.0,4.050149,40679.49,29.0
Netherlands,NLD,2006.0,4.046277,42286.51,30.0
Netherlands,NLD,2007.0,4.042501,44008.75,29.6
Netherlands,NLD,2008.0,4.038992,44840.71,29.3
Netherlands,NLD,2009.0,4.039477,43178.51,27.9
Netherlands,NLD,2010.0,4.036617,43812.35,27.8
Netherlands,NLD,2011.0,4.035657,44591.0,27.8
Netherlands,NLD,2012.0,4.034466,43957.0,27.6
Netherlands,NLD,2013.0,4.030876,43744.0,28.1
Netherlands,NLD,2014.0,4.031669,44205.0,28.6
Netherlands,NLD,2015.0,4.028566,44869.0,28.2
Netherlands,NLD,2016.0,4.028952,45600.0,28.2
Netherlands,NLD,2017.0,4.026854,46650.76,28.5
New Zealand,NZL,1990.0,4.150928,21817.0,
New Zealand,NZL,1991.0,4.161383,21125.89,
New Zealand,NZL,1992.0,4.170798,21093.06,
New Zealand,NZL,1993.0,4.176687,21897.68,
New Zealand,NZL,1994.0,4.180214,23076.86,
New Zealand,NZL,1995.0,4.182653,23751.9,
New Zealand,NZL,1996.0,4.178982,24321.25,
New Zealand,NZL,1997.0,4.163674,24802.13,
New Zealand,NZL,1998.0,4.147365,24861.42,
New Zealand,NZL,1999.0,4.131751,25867.99,
New Zealand,NZL,2000.0,4.12433,26823.02,
New Zealand,NZL,2001.0,4.123757,27167.32,
New Zealand,NZL,2002.0,4.125419,28065.86,
New Zealand,NZL,2003.0,4.12659,28876.29,
New Zealand,NZL,2004.0,4.126467,29806.74,
New Zealand,NZL,2005.0,4.126753,30270.25,
New Zealand,NZL,2006.0,4.111809,30798.63,
New Zealand,NZL,2007.0,4.079556,31784.44,
New Zealand,NZL,2008.0,4.039094,31444.63,
New Zealand,NZL,2009.0,4.005163,31233.08,
New Zealand,NZL,2010.0,3.9871,31586.09,
New Zealand,NZL,2011.0,3.980139,32057.0,
New Zealand,NZL,2012.0,3.974729,32674.0,
New Zealand,NZL,2013.0,3.969718,32989.0,
New Zealand,NZL,2014.0,3.967374,33339.0,
New Zealand,NZL,2015.0,3.967735,33696.0,
New Zealand,NZL,2016.0,3.967684,34295.0,
New Zealand,NZL,2017.0,3.971265,34875.95,
Nicaragua,NIC,1990.0,2.760939,2291.0,
Nicaragua,NIC,1991.0,2.773487,2209.79,
Nicaragua,NIC,1992.0,2.785491,2163.42,
Nicaragua,NIC,1993.0,2.798408,2114.69,57.4
Nicaragua,NIC,1994.0,2.810396,2154.3,
Nicaragua,NIC,1995.0,2.820521,2264.09,
Nicaragua,NIC,1996.0,2.831185,2395.2,
Nicaragua,NIC,1997.0,2.845535,2482.69,
Nicaragua,NIC,1998.0,2.859093,2569.83,54.4
Nicaragua,NIC,1999.0,2.871702,2748.13,
Nicaragua,NIC,2000.0,2.878699,2858.53,
Nicaragua,NIC,2001.0,2.88223,2944.24,52.9
Nicaragua,NIC,2002.0,2.887219,2969.46,
Nicaragua,NIC,2003.0,2.891271,3049.15,
Nicaragua,NIC,2004.0,2.895879,3220.26,
Nicaragua,NIC,2005.0,2.895757,3370.78,48.8
Nicaragua,NIC,2006.0,2.895322,3525.55,
Nicaragua,NIC,2007.0,2.886838,3729.85,
Nicaragua,NIC,2008.0,2.880336,3856.55,
Nicaragua,NIC,2009.0,2.871507,3771.95,43.9
Nicaragua,NIC,2010.0,2.865712,3916.97,
Nicaragua,NIC,2011.0,2.863188,4189.0,
Nicaragua,NIC,2012.0,2.860821,4376.0,
Nicaragua,NIC,2013.0,2.85807,4527.0,
Nicaragua,NIC,2014.0,2.855534,4685.0,46.2
Nicaragua,NIC,2015.0,2.853856,4866.0,
Nicaragua,NIC,2016.0,2.853619,5045.0,
Nicaragua,NIC,2017.0,2.854084,5213.99,
Niger,NER,1990.0,3.416043,872.0,
Niger,NER,1991.0,3.413128,865.91,
Niger,NER,1992.0,3.413077,785.26,36.1
Niger,NER,1993.0,3.411274,771.54,
Niger,NER,1994.0,3.412849,776.8,41.5
Niger,NER,1995.0,3.41404,702.49,
Niger,NER,1996.0,3.415926,712.86,
Niger,NER,1997.0,3.420645,693.11,
Niger,NER,1998.0,3.422634,755.25,
Niger,NER,1999.0,3.425834,736.92,
Niger,NER,2000.0,3.43013,693.38,
Niger,NER,2001.0,3.433043,723.31,
Niger,NER,2002.0,3.434998,734.59,
Niger,NER,2003.0,3.437562,758.11,
Niger,NER,2004.0,3.439099,725.13,
Niger,NER,2005.0,3.440266,757.24,44.4
Niger,NER,2006.0,3.441565,771.42,
Niger,NER,2007.0,3.438705,766.19,37.3
Niger,NER,2008.0,3.437595,809.45,
Niger,NER,2009.0,3.434348,775.25,
Niger,NER,2010.0,3.436241,810.16,
Niger,NER,2011.0,3.438268,799.0,31.5
Niger,NER,2012.0,3.441824,864.0,
Niger,NER,2013.0,3.443459,880.0,
Niger,NER,2014.0,3.447327,911.0,34.3
Niger,NER,2015.0,3.451298,913.0,
Niger,NER,2016.0,3.457355,925.0,
Niger,NER,2017.0,3.463055,935.37,
Nigeria,NGA,1990.0,3.934535,1773.0,
Nigeria,NGA,1991.0,3.914469,1759.0,
Nigeria,NGA,1992.0,3.90184,1793.94,45.0
Nigeria,NGA,1993.0,3.894071,1817.75,
Nigeria,NGA,1994.0,3.891122,1820.3,
Nigeria,NGA,1995.0,3.890894,1851.04,
Nigeria,NGA,1996.0,3.911588,1924.09,51.9
Nigeria,NGA,1997.0,3.96037,1977.29,
Nigeria,NGA,1998.0,4.019441,2025.86,
Nigeria,NGA,1999.0,4.070706,2034.83,
Nigeria,NGA,2000.0,4.094634,2144.83,
Nigeria,NGA,2001.0,4.0939,2282.82,
Nigeria,NGA,2002.0,4.082073,2609.13,
Nigeria,NGA,2003.0,4.066115,2848.28,40.1
Nigeria,NGA,2004.0,4.054426,3136.63,
Nigeria,NGA,2005.0,4.055039,3347.82,
Nigeria,NGA,2006.0,4.075633,3564.63,
Nigeria,NGA,2007.0,4.114757,3817.48,
Nigeria,NGA,2008.0,4.157497,4084.2,
Nigeria,NGA,2009.0,4.195954,4416.35,43.0
Nigeria,NGA,2010.0,4.218087,4904.87,35.7
Nigeria,NGA,2011.0,4.218821,5136.0,
Nigeria,NGA,2012.0,4.205603,5223.0,35.5
Nigeria,NGA,2013.0,4.17501,5370.0,
Nigeria,NGA,2014.0,4.131388,5569.0,
Nigeria,NGA,2015.0,4.071251,5578.0,35.9
Nigeria,NGA,2016.0,4.00117,5360.0,
Nigeria,NGA,2017.0,3.917691,5271.14,
North Korea,PRK,1990.0,3.222217,2455.82,
North Korea,PRK,1991.0,3.230972,2315.96,
North Korea,PRK,1992.0,3.23733,2120.55,
North Korea,PRK,1993.0,3.239967,1996.29,
North Korea,PRK,1994.0,3.241591,1925.96,
North Korea,PRK,1995.0,3.240965,1816.01,
North Korea,PRK,1996.0,3.235881,1733.1,
North Korea,PRK,1997.0,3.227824,1604.9,
North Korea,PRK,1998.0,3.218516,1579.93,
North Korea,PRK,1999.0,3.207619,1664.64,
North Korea,PRK,2000.0,3.198642,1657.14,
North Korea,PRK,2001.0,3.190429,1704.37,
North Korea,PRK,2002.0,3.181548,1710.95,
North Korea,PRK,2003.0,3.172875,1729.62,
North Korea,PRK,2004.0,3.166315,1753.69,
North Korea,PRK,2005.0,3.15874,1808.06,
North Korea,PRK,2006.0,3.15155,1778.5,
North Korea,PRK,2007.0,3.143275,1746.93,
North Korea,PRK,2008.0,3.136394,1794.66,
North Korea,PRK,2009.0,3.129842,1768.89,
North Korea,PRK,2010.0,3.12289,1751.44,
North Korea,PRK,2011.0,3.118758,1756.61,
North Korea,PRK,2012.0,3.11369,1770.92,
North Korea,PRK,2013.0,3.107737,1781.3,
North Korea,PRK,2014.0,3.102997,1791.34,
North Korea,PRK,2015.0,3.098722,1762.52,
North Korea,PRK,2016.0,3.095069,1742.02,
North Korea,PRK,2017.0,3.090846,1673.28,
Norway,NOR,1990.0,3.916601,29434.0,
Norway,NOR,1991.0,3.943878,31127.68,25.2
Norway,NOR,1992.0,3.961436,33041.21,
Norway,NOR,1993.0,3.97098,34819.52,
Norway,NOR,1994.0,3.974874,37492.84,
Norway,NOR,1995.0,3.975114,40043.8,26.0
Norway,NOR,1996.0,3.948518,43133.14,
Norway,NOR,1997.0,3.884254,46556.48,
Norway,NOR,1998.0,3.806225,48956.73,
Norway,NOR,1999.0,3.738417,51129.18,
Norway,NOR,2000.0,3.704591,54039.96,27.4
Norway,NOR,2001.0,3.696601,56578.38,
Norway,NOR,2002.0,3.689734,58840.41,
Norway,NOR,2003.0,3.684437,60852.26,27.6
Norway,NOR,2004.0,3.678936,64824.14,31.6
Norway,NOR,2005.0,3.673138,68108.56,30.6
Norway,NOR,2006.0,3.659367,71310.53,26.4
Norway,NOR,2007.0,3.63695,74879.81,27.1
Norway,NOR,2008.0,3.612773,76522.06,27.0
Norway,NOR,2009.0,3.593259,76625.63,26.2
Norway,NOR,2010.0,3.585173,78476.15,25.7
Norway,NOR,2011.0,3.589313,80623.0,25.3
Norway,NOR,2012.0,3.600845,81759.0,25.7
Norway,NOR,2013.0,3.619685,81583.0,26.4
Norway,NOR,2014.0,3.646711,82216.0,26.8
Norway,NOR,2015.0,3.681866,82713.0,27.5
Norway,NOR,2016.0,3.723569,82814.0,28.5
Norway,NOR,2017.0,3.77191,84056.33,27.0
Oman,OMN,1990.0,3.457822,10327.0,
Oman,OMN,1991.0,3.439968,11131.0,
Oman,OMN,1992.0,3.42422,12251.16,
Oman,OMN,1993.0,3.414918,13226.64,
Oman,OMN,1994.0,3.413462,14079.53,
Oman,OMN,1995.0,3.414738,15292.18,
Oman,OMN,1996.0,3.41485,16491.17,
Oman,OMN,1997.0,3.414441,18518.48,
Oman,OMN,1998.0,3.420693,20213.02,
Oman,OMN,1999.0,3.437439,21519.67,
Oman,OMN,2000.0,3.452868,24186.37,
Oman,OMN,2001.0,3.458,26431.1,
Oman,OMN,2002.0,3.462904,27141.84,
Oman,OMN,2003.0,3.473852,27313.98,
Oman,OMN,2004.0,3.495842,28607.08,
Oman,OMN,2005.0,3.514061,30392.56,
Oman,OMN,2006.0,3.504759,33374.89,
Oman,OMN,2007.0,3.48457,36424.98,
Oman,OMN,2008.0,3.471604,40909.94,
Oman,OMN,2009.0,3.466375,44244.65,
Oman,OMN,2010.0,3.448564,46182.16,
Oman,OMN,2011.0,3.415788,44454.0,
Oman,OMN,2012.0,3.387588,44008.0,
Oman,OMN,2013.0,3.389007,41680.0,
Oman,OMN,2014.0,3.402352,39418.0,
Oman,OMN,2015.0,3.412646,38738.0,
Oman,OMN,2016.0,3.418318,38515.0,
Oman,OMN,2017.0,3.433951,37101.74,
Pakistan,PAK,1990.0,3.414559,2531.0,33.2
Pakistan,PAK,1991.0,3.438888,2644.57,
Pakistan,PAK,1992.0,3.464061,2732.38,
Pakistan,PAK,1993.0,3.483082,2777.33,
Pakistan,PAK,1994.0,3.497365,2855.91,
Pakistan,PAK,1995.0,3.504326,2947.68,
Pakistan,PAK,1996.0,3.509758,2979.81,28.7
Pakistan,PAK,1997.0,3.510459,2986.71,
Pakistan,PAK,1998.0,3.509808,3035.45,33.1
Pakistan,PAK,1999.0,3.508544,3111.96,
Pakistan,PAK,2000.0,3.507516,3154.51,
Pakistan,PAK,2001.0,3.507458,3176.95,28.7
Pakistan,PAK,2002.0,3.506539,3265.69,
Pakistan,PAK,2003.0,3.506057,3437.99,
Pakistan,PAK,2004.0,3.504829,3664.53,30.9
Pakistan,PAK,2005.0,3.502285,3883.93,31.3
Pakistan,PAK,2006.0,3.480371,4062.67,
Pakistan,PAK,2007.0,3.431446,4160.37,29.7
Pakistan,PAK,2008.0,3.377914,4224.4,
Pakistan,PAK,2009.0,3.331079,4288.46,
Pakistan,PAK,2010.0,3.309059,4354.27,28.8
Pakistan,PAK,2011.0,3.305698,4464.0,29.7
Pakistan,PAK,2012.0,3.304081,4569.0,
Pakistan,PAK,2013.0,3.303639,4703.0,29.5
Pakistan,PAK,2014.0,3.305568,4850.0,
Pakistan,PAK,2015.0,3.309776,5030.0,31.3
Pakistan,PAK,2016.0,3.316397,5223.0,
Pakistan,PAK,2017.0,3.33128,5392.23,
Palestine,PSE,1990.0,4.755201,5345.0,
Palestine,PSE,1991.0,4.706693,4732.17,
Palestine,PSE,1992.0,4.676366,5410.62,
Palestine,PSE,1993.0,4.658173,5527.99,
Palestine,PSE,1994.0,4.648547,5893.47,
Palestine,PSE,1995.0,4.646746,5756.85,
Palestine,PSE,1996.0,4.679154,5320.26,
Palestine,PSE,1997.0,4.753884,5598.02,
Palestine,PSE,1998.0,4.842129,6051.88,
Palestine,PSE,1999.0,4.917298,6204.65,
Palestine,PSE,2000.0,4.952186,5377.39,
Palestine,PSE,2001.0,4.952989,4626.3,
Palestine,PSE,2002.0,4.953674,3842.15,
Palestine,PSE,2003.0,4.95244,4158.3,
Palestine,PSE,2004.0,4.94974,4358.52,
Palestine,PSE,2005.0,4.945847,4589.63,
Palestine,PSE,2006.0,4.939872,4193.15,
Palestine,PSE,2007.0,4.926207,4250.99,
Palestine,PSE,2008.0,4.909308,4287.21,
Palestine,PSE,2009.0,4.89245,4426.32,
Palestine,PSE,2010.0,4.87418,4548.53,
Palestine,PSE,2011.0,4.855117,4863.0,
Palestine,PSE,2012.0,4.831253,5054.0,
Palestine,PSE,2013.0,4.80576,5054.0,
Palestine,PSE,2014.0,4.775471,4939.0,
Palestine,PSE,2015.0,4.741592,5003.0,
Palestine,PSE,2016.0,4.70588,5321.38,
Palestine,PSE,2017.0,4.665074,5270.07,
Panama,PAN,1990.0,2.665293,7119.0,
Panama,PAN,1991.0,2.662829,7659.47,58.2
Panama,PAN,1992.0,2.659873,8148.63,
Panama,PAN,1993.0,2.65747,8450.67,
Panama,PAN,1994.0,2.657131,8549.65,
Panama,PAN,1995.0,2.657538,8555.78,57.8
Panama,PAN,1996.0,2.659093,8652.08,
Panama,PAN,1997.0,2.661027,9054.72,58.2
Panama,PAN,1998.0,2.662905,9560.34,57.5
Panama,PAN,1999.0,2.666104,9784.69,56.5
Panama,PAN,2000.0,2.666444,9898.79,56.6
Panama,PAN,2001.0,2.66913,9804.56,56.7
Panama,PAN,2002.0,2.67298,9879.45,56.1
Panama,PAN,2003.0,2.673667,10153.77,55.7
Panama,PAN,2004.0,2.676213,10769.52,54.8
Panama,PAN,2005.0,2.677582,11389.24,53.8
Panama,PAN,2006.0,2.675108,12195.75,54.6
Panama,PAN,2007.0,2.669106,13492.38,52.7
Panama,PAN,2008.0,2.661105,14466.97,52.7
Panama,PAN,2009.0,2.654011,14515.77,51.8
Panama,PAN,2010.0,2.6524,15169.12,51.6
Panama,PAN,2011.0,2.654982,16762.0,51.3
Panama,PAN,2012.0,2.655422,18051.0,51.7
Panama,PAN,2013.0,2.657663,18979.0,51.5
Panama,PAN,2014.0,2.660793,19855.0,50.5
Panama,PAN,2015.0,2.666329,20723.0,50.8
Panama,PAN,2016.0,2.669997,21449.0,50.4
Panama,PAN,2017.0,2.679025,22206.99,49.9
Paraguay,PRY,1990.0,2.773502,5230.0,40.8
Paraguay,PRY,1991.0,2.785556,5224.3,
Paraguay,PRY,1992.0,2.796526,5186.56,
Paraguay,PRY,1993.0,2.806153,5270.9,
Paraguay,PRY,1994.0,2.813845,5305.5,
Paraguay,PRY,1995.0,2.821082,5463.62,58.2
Paraguay,PRY,1996.0,2.824819,5360.74,
Paraguay,PRY,1997.0,2.828255,5399.43,54.9
Paraguay,PRY,1998.0,2.830085,5321.92,
Paraguay,PRY,1999.0,2.833395,5150.41,54.6
Paraguay,PRY,2000.0,2.837255,4896.43,
Paraguay,PRY,2001.0,2.843599,4918.05,54.6
Paraguay,PRY,2002.0,2.854846,5571.43,57.3
Paraguay,PRY,2003.0,2.867884,5726.99,54.9
Paraguay,PRY,2004.0,2.879062,5876.66,52.3
Paraguay,PRY,2005.0,2.887829,5922.79,51.4
Paraguay,PRY,2006.0,2.894314,6128.64,53.0
Paraguay,PRY,2007.0,2.902453,6383.49,53.0
Paraguay,PRY,2008.0,2.909553,6713.03,50.7
Paraguay,PRY,2009.0,2.917321,6376.94,49.1
Paraguay,PRY,2010.0,2.923385,7139.03,51.0
Paraguay,PRY,2011.0,2.929236,7377.0,52.3
Paraguay,PRY,2012.0,2.935353,7193.0,47.6
Paraguay,PRY,2013.0,2.941107,8102.0,47.9
Paraguay,PRY,2014.0,2.946082,8382.0,50.7
Paraguay,PRY,2015.0,2.950421,8539.0,47.6
Paraguay,PRY,2016.0,2.955169,8786.0,47.9
Paraguay,PRY,2017.0,2.95884,9113.79,48.5
Peru,PER,1990.0,2.364704,4795.0,
Peru,PER,1991.0,2.370735,4812.21,
Peru,PER,1992.0,2.37585,4698.48,
Peru,PER,1993.0,2.378036,4857.02,
Peru,PER,1994.0,2.379453,5361.42,
Peru,PER,1995.0,2.379861,5668.03,
Peru,PER,1996.0,2.377467,5739.79,
Peru,PER,1997.0,2.367928,6027.82,53.3
Peru,PER,1998.0,2.35736,5926.73,55.1
Peru,PER,1999.0,2.346307,5945.2,54.8
Peru,PER,2000.0,2.337077,6038.24,49.1
Peru,PER,2001.0,2.330336,6010.23,51.3
Peru,PER,2002.0,2.324464,6274.42,53.6
Peru,PER,2003.0,2.319301,6472.34,53.1
Peru,PER,2004.0,2.313472,6731.0,49.9
Peru,PER,2005.0,2.307329,7091.13,50.5
Peru,PER,2006.0,2.29903,7560.9,50.3
Peru,PER,2007.0,2.28794,8138.37,50.0
Peru,PER,2008.0,2.276288,8812.62,47.5
Peru,PER,2009.0,2.268163,8836.02,47.0
Peru,PER,2010.0,2.263609,9507.78,45.5
Peru,PER,2011.0,2.262397,10044.0,44.7
Peru,PER,2012.0,2.261685,10533.0,44.4
Peru,PER,2013.0,2.26368,11034.0,43.9
Peru,PER,2014.0,2.264655,11186.0,43.1
Peru,PER,2015.0,2.267037,11445.0,43.4
Peru,PER,2016.0,2.269521,11776.0,43.6
Peru,PER,2017.0,2.276321,11952.53,43.3
Philippines,PHL,1990.0,2.953031,3502.0,
Philippines,PHL,1991.0,2.941468,3432.58,
Philippines,PHL,1992.0,2.930071,3399.24,
Philippines,PHL,1993.0,2.915946,3427.13,
Philippines,PHL,1994.0,2.900552,3529.01,
Philippines,PHL,1995.0,2.885948,3637.63,
Philippines,PHL,1996.0,2.862835,3790.78,
Philippines,PHL,1997.0,2.829757,3928.01,
Philippines,PHL,1998.0,2.794866,3852.63,
Philippines,PHL,1999.0,2.7643,3917.09,
Philippines,PHL,2000.0,2.744974,4033.56,47.7
Philippines,PHL,2001.0,2.732641,4090.22,
Philippines,PHL,2002.0,2.722645,4181.38,
Philippines,PHL,2003.0,2.716396,4333.21,46.6
Philippines,PHL,2004.0,2.711981,4562.5,
Philippines,PHL,2005.0,2.710132,4721.0,
Philippines,PHL,2006.0,2.711847,4908.62,47.2
Philippines,PHL,2007.0,2.714691,5172.66,
Philippines,PHL,2008.0,2.718874,5328.68,
Philippines,PHL,2009.0,2.722347,5338.31,46.3
Philippines,PHL,2010.0,2.724996,5694.05,
Philippines,PHL,2011.0,2.728667,5851.0,
Philippines,PHL,2012.0,2.732704,6144.0,46.5
Philippines,PHL,2013.0,2.737509,6472.0,
Philippines,PHL,2014.0,2.743462,6763.0,
Philippines,PHL,2015.0,2.749335,7047.0,44.6
Philippines,PHL,2016.0,2.756013,7410.0,
Philippines,PHL,2017.0,2.765176,7781.11,
Poland,POL,1990.0,2.236951,8150.0,
Poland,POL,1991.0,2.252338,7625.84,
Poland,POL,1992.0,2.267182,7873.92,29.3
Poland,POL,1993.0,2.280377,8229.53,
Poland,POL,1994.0,2.290941,8721.83,
Poland,POL,1995.0,2.298427,9408.27,34.6
Poland,POL,1996.0,2.306339,10066.17,
Poland,POL,1997.0,2.313489,10811.27,
Poland,POL,1998.0,2.320303,11413.26,
Poland,POL,1999.0,2.323037,12058.42,32.1
Poland,POL,2000.0,2.32588,12732.17,
Poland,POL,2001.0,2.319913,13017.58,
Poland,POL,2002.0,2.308672,13415.57,
Poland,POL,2003.0,2.29521,14035.64,
Poland,POL,2004.0,2.281669,14906.09,38.0
Poland,POL,2005.0,2.274279,15580.94,35.8
Poland,POL,2006.0,2.27436,16711.45,34.7
Poland,POL,2007.0,2.276089,18067.43,34.0
Poland,POL,2008.0,2.279985,19011.55,33.5
Poland,POL,2009.0,2.282486,19718.46,33.4
Poland,POL,2010.0,2.28315,20608.69,33.2
Poland,POL,2011.0,2.280113,21837.0,33.2
Poland,POL,2012.0,2.277805,22188.0,33.0
Poland,POL,2013.0,2.2738,22510.0,33.1
Poland,POL,2014.0,2.268372,23266.0,32.8
Poland,POL,2015.0,2.263833,24177.0,31.8
Poland,POL,2016.0,2.257029,24838.0,31.2
Poland,POL,2017.0,2.250472,26061.16,29.7
Portugal,PRT,1990.0,4.7484,17256.0,
Portugal,PRT,1991.0,4.729642,17949.81,
Portugal,PRT,1992.0,4.716369,18598.53,
Portugal,PRT,1993.0,4.702669,18519.93,
Portugal,PRT,1994.0,4.690671,18819.03,
Portugal,PRT,1995.0,4.679851,19262.03,
Portugal,PRT,1996.0,4.671298,19939.31,
Portugal,PRT,1997.0,4.667101,20810.18,
Portugal,PRT,1998.0,4.664418,21782.12,
Portugal,PRT,1999.0,4.663462,22589.92,
Portugal,PRT,2000.0,4.663838,23372.04,
Portugal,PRT,2001.0,4.680431,23751.37,
Portugal,PRT,2002.0,4.71645,23896.46,
Portugal,PRT,2003.0,4.759833,23677.52,38.8
Portugal,PRT,2004.0,4.796305,24142.77,38.9
Portugal,PRT,2005.0,4.808875,24377.95,38.5
Portugal,PRT,2006.0,4.80553,24809.04,38.1
Portugal,PRT,2007.0,4.803936,25477.21,36.8
Portugal,PRT,2008.0,4.795229,25590.88,36.6
Portugal,PRT,2009.0,4.786921,24902.46,34.9
Portugal,PRT,2010.0,4.774924,25463.16,35.8
Portugal,PRT,2011.0,4.7539,25133.0,36.3
Portugal,PRT,2012.0,4.718802,24218.0,36.0
Portugal,PRT,2013.0,4.675021,24076.0,36.2
Portugal,PRT,2014.0,4.622827,24423.0,35.6
Portugal,PRT,2015.0,4.561403,24915.0,35.5
Portugal,PRT,2016.0,4.494714,25346.0,35.2
Portugal,PRT,2017.0,4.421461,26298.79,33.8
Puerto Rico,PRI,1990.0,2.798972,16799.0,
Puerto Rico,PRI,1991.0,2.813477,17332.18,
Puerto Rico,PRI,1992.0,2.823392,18290.73,
Puerto Rico,PRI,1993.0,2.832339,19278.63,
Puerto Rico,PRI,1994.0,2.836966,20213.11,
Puerto Rico,PRI,1995.0,2.837766,21267.38,
Puerto Rico,PRI,1996.0,2.831825,21856.02,
Puerto Rico,PRI,1997.0,2.818784,23069.03,
Puerto Rico,PRI,1998.0,2.801982,24586.22,
Puerto Rico,PRI,1999.0,2.785314,26186.3,
Puerto Rico,PRI,2000.0,2.776026,27392.46,
Puerto Rico,PRI,2001.0,2.772486,29517.05,
Puerto Rico,PRI,2002.0,2.769536,30218.01,
Puerto Rico,PRI,2003.0,2.768037,30688.1,
Puerto Rico,PRI,2004.0,2.765808,32110.84,
Puerto Rico,PRI,2005.0,2.763139,32013.54,
Puerto Rico,PRI,2006.0,2.757174,32195.16,
Puerto Rico,PRI,2007.0,2.747134,32511.11,
Puerto Rico,PRI,2008.0,2.738188,32604.09,
Puerto Rico,PRI,2009.0,2.728431,32648.1,
Puerto Rico,PRI,2010.0,2.725618,33195.44,
Puerto Rico,PRI,2011.0,2.725602,33981.0,
Puerto Rico,PRI,2012.0,2.724971,34395.0,
Puerto Rico,PRI,2013.0,2.724364,34736.0,
Puerto Rico,PRI,2014.0,2.724716,34787.0,
Puerto Rico,PRI,2015.0,2.724765,35384.0,
Puerto Rico,PRI,2016.0,2.724418,35082.0,
Puerto Rico,PRI,2017.0,2.726108,35439.2,
Qatar,QAT,1990.0,3.685058,11705.0,
Qatar,QAT,1991.0,3.68586,12417.64,
Qatar,QAT,1992.0,3.686797,15042.12,
Qatar,QAT,1993.0,3.687217,16221.05,
Qatar,QAT,1994.0,3.690573,17955.31,
Qatar,QAT,1995.0,3.694272,19959.7,
Qatar,QAT,1996.0,3.699804,22395.26,
Qatar,QAT,1997.0,3.707781,30989.15,
Qatar,QAT,1998.0,3.714532,36448.06,
Qatar,QAT,1999.0,3.718892,40135.17,
Qatar,QAT,2000.0,3.719959,45788.12,
Qatar,QAT,2001.0,3.716088,50525.71,
Qatar,QAT,2002.0,3.705942,57541.1,
Qatar,QAT,2003.0,3.690285,62234.21,
Qatar,QAT,2004.0,3.672239,74372.93,
Qatar,QAT,2005.0,3.653271,76808.42,
Qatar,QAT,2006.0,3.626432,90120.92,
Qatar,QAT,2007.0,3.591513,97912.69,
Qatar,QAT,2008.0,3.551997,107402.06,
Qatar,QAT,2009.0,3.5173,115283.42,
Qatar,QAT,2010.0,3.498145,134802.78,
Qatar,QAT,2011.0,3.49216,155533.0,
Qatar,QAT,2012.0,3.48764,153922.0,
Qatar,QAT,2013.0,3.484366,154159.0,
Qatar,QAT,2014.0,3.478949,155069.0,
Qatar,QAT,2015.0,3.478406,156029.0,
Qatar,QAT,2016.0,3.48023,156299.0,
Qatar,QAT,2017.0,3.482327,154669.03,
Romania,ROU,1990.0,2.367998,5596.0,
Romania,ROU,1991.0,2.369771,5033.14,
Romania,ROU,1992.0,2.370086,4818.3,25.5
Romania,ROU,1993.0,2.371618,5055.92,
Romania,ROU,1994.0,2.37283,5427.07,28.2
Romania,ROU,1995.0,2.372942,6014.69,31.2
Romania,ROU,1996.0,2.372098,6476.47,
Romania,ROU,1997.0,2.36655,6446.42,30.5
Romania,ROU,1998.0,2.361048,6407.47,
Romania,ROU,1999.0,2.355299,6613.93,
Romania,ROU,2000.0,2.351155,7089.95,
Romania,ROU,2001.0,2.351199,7860.44,
Romania,ROU,2002.0,2.349516,8673.62,
Romania,ROU,2003.0,2.347841,9369.23,
Romania,ROU,2004.0,2.346814,10531.17,
Romania,ROU,2005.0,2.344809,11313.82,
Romania,ROU,2006.0,2.342224,12823.23,39.6
Romania,ROU,2007.0,2.339504,14418.83,37.5
Romania,ROU,2008.0,2.334845,16347.34,36.4
Romania,ROU,2009.0,2.332176,15866.13,35.6
Romania,ROU,2010.0,2.331447,16377.33,35.5
Romania,ROU,2011.0,2.331149,17174.0,35.9
Romania,ROU,2012.0,2.334267,17174.0,36.5
Romania,ROU,2013.0,2.335909,17979.0,36.9
Romania,ROU,2014.0,2.340368,18515.0,36.0
Romania,ROU,2015.0,2.343899,19320.0,35.9
Romania,ROU,2016.0,2.350485,17782.0,34.4
Romania,ROU,2017.0,2.359174,19158.36,36.0
Russia,RUS,1990.0,3.777936,12400.0,
Russia,RUS,1991.0,3.80394,12012.24,
Russia,RUS,1992.0,3.827052,10487.55,
Russia,RUS,1993.0,3.848158,9789.07,
Russia,RUS,1994.0,3.865413,8743.75,
Russia,RUS,1995.0,3.878445,8586.32,
Russia,RUS,1996.0,3.887354,8479.38,
Russia,RUS,1997.0,3.892783,8813.35,
Russia,RUS,1998.0,3.89555,8557.5,
Russia,RUS,1999.0,3.894337,9340.03,
Russia,RUS,2000.0,3.889153,10552.88,
Russia,RUS,2001.0,3.877015,11391.19,
Russia,RUS,2002.0,3.858251,12259.48,
Russia,RUS,2003.0,3.836639,13521.24,
Russia,RUS,2004.0,3.814647,14880.98,
Russia,RUS,2005.0,3.795195,16243.1,
Russia,RUS,2006.0,3.774185,18008.34,
Russia,RUS,2007.0,3.74943,20018.12,
Russia,RUS,2008.0,3.726029,21563.46,
Russia,RUS,2009.0,3.707287,20335.56,
Russia,RUS,2010.0,3.696877,21737.38,
Russia,RUS,2011.0,3.692264,23130.0,
Russia,RUS,2012.0,3.688497,23931.0,
Russia,RUS,2013.0,3.687463,24224.0,
Russia,RUS,2014.0,3.688919,24387.0,
Russia,RUS,2015.0,3.692351,23691.0,
Russia,RUS,2016.0,3.698973,23635.0,
Russia,RUS,2017.0,3.707925,24042.63,
Rwanda,RWA,1990.0,4.200996,1398.0,
Rwanda,RWA,1991.0,4.220172,1282.26,
Rwanda,RWA,1992.0,4.23322,1301.69,
Rwanda,RWA,1993.0,4.238896,1110.92,
Rwanda,RWA,1994.0,4.266356,707.3,
Rwanda,RWA,1995.0,4.287088,1049.24,
Rwanda,RWA,1996.0,4.278823,976.41,
Rwanda,RWA,1997.0,4.265685,932.01,
Rwanda,RWA,1998.0,4.248218,950.39,
Rwanda,RWA,1999.0,4.229815,975.84,
Rwanda,RWA,2000.0,4.209012,1023.62,48.5
Rwanda,RWA,2001.0,4.188414,1067.23,
Rwanda,RWA,2002.0,4.166047,1154.11,
Rwanda,RWA,2003.0,4.143508,1130.04,
Rwanda,RWA,2004.0,4.114294,1159.03,
Rwanda,RWA,2005.0,4.085294,1210.51,52.0
Rwanda,RWA,2006.0,4.037709,1261.76,
Rwanda,RWA,2007.0,3.972632,1291.19,
Rwanda,RWA,2008.0,3.906977,1364.75,
Rwanda,RWA,2009.0,3.857369,1384.26,
Rwanda,RWA,2010.0,3.836344,1416.39,47.2
Rwanda,RWA,2011.0,3.837336,1449.0,
Rwanda,RWA,2012.0,3.839435,1531.0,
Rwanda,RWA,2013.0,3.842979,1554.0,45.1
Rwanda,RWA,2014.0,3.846173,1615.0,
Rwanda,RWA,2015.0,3.854341,1693.0,
Rwanda,RWA,2016.0,3.860959,1758.0,43.7
Rwanda,RWA,2017.0,3.86945,1819.08,
Saint Lucia,LCA,1990.0,2.79749,5203.0,
Saint Lucia,LCA,1991.0,2.798112,5270.25,
Saint Lucia,LCA,1992.0,2.797021,5737.29,
Saint Lucia,LCA,1993.0,2.796691,5804.06,
Saint Lucia,LCA,1994.0,2.797484,5945.77,
Saint Lucia,LCA,1995.0,2.797337,6095.83,
Saint Lucia,LCA,1996.0,2.798555,6330.93,
Saint Lucia,LCA,1997.0,2.799936,6344.78,
Saint Lucia,LCA,1998.0,2.801719,6831.23,
Saint Lucia,LCA,1999.0,2.802729,7111.87,
Saint Lucia,LCA,2000.0,2.805189,7191.27,
Saint Lucia,LCA,2001.0,2.80633,7014.29,
Saint Lucia,LCA,2002.0,2.808181,7141.75,
Saint Lucia,LCA,2003.0,2.809947,7602.13,
Saint Lucia,LCA,2004.0,2.81219,8322.35,
Saint Lucia,LCA,2005.0,2.814102,8418.91,
Saint Lucia,LCA,2006.0,2.817564,9135.34,
Saint Lucia,LCA,2007.0,2.820629,9377.9,
Saint Lucia,LCA,2008.0,2.824889,9931.68,
Saint Lucia,LCA,2009.0,2.8287,10061.63,
Saint Lucia,LCA,2010.0,2.828591,10058.62,
Saint Lucia,LCA,2011.0,2.830677,10255.0,
Saint Lucia,LCA,2012.0,2.832433,10067.0,
Saint Lucia,LCA,2013.0,2.833655,10037.0,
Saint Lucia,LCA,2014.0,2.835485,10035.0,
Saint Lucia,LCA,2015.0,2.836606,10185.0,
Saint Lucia,LCA,2016.0,2.837408,10233.0,
Saint Lucia,LCA,2017.0,2.839268,10440.01,
Sao Tome and Principe,STP,1990.0,3.157472,2217.0,
Sao Tome and Principe,STP,1991.0,3.143004,2203.01,
Sao Tome and Principe,STP,1992.0,3.128348,2185.46,
Sao Tome and Principe,STP,1993.0,3.116232,2183.87,
Sao Tome and Principe,STP,1994.0,3.108275,2204.88,
Sao Tome and Principe,STP,1995.0,3.105599,2219.48,
Sao Tome and Principe,STP,1996.0,3.104503,2221.05,
Sao Tome and Principe,STP,1997.0,3.104419,2209.42,
Sao Tome and Principe,STP,1998.0,3.105141,2228.91,
Sao Tome and Principe,STP,1999.0,3.105824,2247.12,
Sao Tome and Principe,STP,2000.0,3.106891,2218.82,32.1
Sao Tome and Principe,STP,2001.0,3.108681,2245.61,
Sao Tome and Principe,STP,2002.0,3.115961,2250.09,
Sao Tome and Principe,STP,2003.0,3.123133,2363.18,
Sao Tome and Principe,STP,2004.0,3.128785,2408.76,
Sao Tome and Principe,STP,2005.0,3.132616,2532.87,
Sao Tome and Principe,STP,2006.0,3.12904,2713.76,
Sao Tome and Principe,STP,2007.0,3.122334,2752.09,
Sao Tome and Principe,STP,2008.0,3.112819,2925.89,
Sao Tome and Principe,STP,2009.0,3.106143,2949.89,
Sao Tome and Principe,STP,2010.0,3.102117,3093.35,30.8
Sao Tome and Principe,STP,2011.0,3.101682,3179.0,
Sao Tome and Principe,STP,2012.0,3.103115,3217.0,
Sao Tome and Principe,STP,2013.0,3.105766,3314.0,
Sao Tome and Principe,STP,2014.0,3.110403,3474.0,
Sao Tome and Principe,STP,2015.0,3.116748,3545.0,
Sao Tome and Principe,STP,2016.0,3.125501,3624.0,
Sao Tome and Principe,STP,2017.0,3.136314,3721.01,40.7
Saudi Arabia,SAU,1990.0,3.460958,14335.0,
Saudi Arabia,SAU,1991.0,3.446122,16830.41,
Saudi Arabia,SAU,1992.0,3.434431,17905.28,
Saudi Arabia,SAU,1993.0,3.425918,18101.09,
Saudi Arabia,SAU,1994.0,3.420436,18678.93,
Saudi Arabia,SAU,1995.0,3.421232,19223.33,
Saudi Arabia,SAU,1996.0,3.4253,20280.49,
Saudi Arabia,SAU,1997.0,3.431061,21087.43,
Saudi Arabia,SAU,1998.0,3.436093,22310.92,
Saudi Arabia,SAU,1999.0,3.443637,22058.57,
Saudi Arabia,SAU,2000.0,3.44986,23904.52,
Saudi Arabia,SAU,2001.0,3.456514,24192.0,
Saudi Arabia,SAU,2002.0,3.465772,24053.97,
Saudi Arabia,SAU,2003.0,3.4763,27367.09,
Saudi Arabia,SAU,2004.0,3.482956,30233.51,
Saudi Arabia,SAU,2005.0,3.486766,32700.33,
Saudi Arabia,SAU,2006.0,3.487721,34483.04,
Saudi Arabia,SAU,2007.0,3.484148,36070.32,
Saudi Arabia,SAU,2008.0,3.479896,39393.43,
Saudi Arabia,SAU,2009.0,3.47717,39671.56,
Saudi Arabia,SAU,2010.0,3.477639,42737.65,
Saudi Arabia,SAU,2011.0,3.480888,48470.0,
Saudi Arabia,SAU,2012.0,3.484686,49867.0,
Saudi Arabia,SAU,2013.0,3.491552,50005.0,
Saudi Arabia,SAU,2014.0,3.50161,50693.0,
Saudi Arabia,SAU,2015.0,3.510181,51681.0,
Saudi Arabia,SAU,2016.0,3.522628,51397.0,
Saudi Arabia,SAU,2017.0,3.536847,50001.94,
Senegal,SEN,1990.0,3.335163,1999.0,
Senegal,SEN,1991.0,3.340006,1982.63,54.1
Senegal,SEN,1992.0,3.344921,1942.93,
Senegal,SEN,1993.0,3.345942,1906.82,
Senegal,SEN,1994.0,3.346444,1847.6,41.4
Senegal,SEN,1995.0,3.347023,1886.54,
Senegal,SEN,1996.0,3.340271,1866.34,
Senegal,SEN,1997.0,3.324084,1866.39,
Senegal,SEN,1998.0,3.304521,1915.43,
Senegal,SEN,1999.0,3.288248,1978.1,
Senegal,SEN,2000.0,3.279668,1983.52,
Senegal,SEN,2001.0,3.27778,2009.94,41.2
Senegal,SEN,2002.0,3.277186,1959.61,
Senegal,SEN,2003.0,3.278087,2025.02,
Senegal,SEN,2004.0,3.278213,2074.95,
Senegal,SEN,2005.0,3.278445,2121.16,39.2
Senegal,SEN,2006.0,3.277609,2104.44,
Senegal,SEN,2007.0,3.276632,2137.67,
Senegal,SEN,2008.0,3.277006,2146.79,
Senegal,SEN,2009.0,3.275408,2129.34,
Senegal,SEN,2010.0,3.276556,2151.32,
Senegal,SEN,2011.0,3.281263,2123.0,40.3
Senegal,SEN,2012.0,3.288467,2163.0,
Senegal,SEN,2013.0,3.298502,2185.0,
Senegal,SEN,2014.0,3.314314,2224.0,
Senegal,SEN,2015.0,3.329605,2311.0,
Senegal,SEN,2016.0,3.34987,2403.0,
Senegal,SEN,2017.0,3.370497,2519.68,
Serbia,SRB,1990.0,2.746113,9754.0,
Serbia,SRB,1991.0,2.757359,8858.01,
Serbia,SRB,1992.0,2.765367,6567.67,
Serbia,SRB,1993.0,2.771054,4673.64,
Serbia,SRB,1994.0,2.7733,4910.82,
Serbia,SRB,1995.0,2.773697,5325.49,
Serbia,SRB,1996.0,2.77086,5710.2,
Serbia,SRB,1997.0,2.761353,6288.02,
Serbia,SRB,1998.0,2.750819,6603.71,
Serbia,SRB,1999.0,2.738137,5532.54,
Serbia,SRB,2000.0,2.727369,6059.58,
Serbia,SRB,2001.0,2.716068,6542.68,
Serbia,SRB,2002.0,2.700769,7155.58,
Serbia,SRB,2003.0,2.684733,7637.83,
Serbia,SRB,2004.0,2.669606,8512.17,
Serbia,SRB,2005.0,2.65594,9198.41,
Serbia,SRB,2006.0,2.644229,9902.43,
Serbia,SRB,2007.0,2.631312,10768.94,
Serbia,SRB,2008.0,2.619175,11650.23,
Serbia,SRB,2009.0,2.609186,11576.59,
Serbia,SRB,2010.0,2.60152,11963.56,
Serbia,SRB,2011.0,2.596686,12463.0,
Serbia,SRB,2012.0,2.591891,12384.0,39.9
Serbia,SRB,2013.0,2.586581,12764.0,39.5
Serbia,SRB,2014.0,2.581376,12606.0,40.5
Serbia,SRB,2015.0,2.577638,12765.0,40.5
Serbia,SRB,2016.0,2.574493,13184.0,38.8
Serbia,SRB,2017.0,2.570068,13488.67,36.2
Seychelles,SYC,1990.0,2.972612,8239.0,
Seychelles,SYC,1991.0,2.973551,8570.67,
Seychelles,SYC,1992.0,2.974498,9304.81,
Seychelles,SYC,1993.0,2.975734,10009.91,
Seychelles,SYC,1994.0,2.976268,10060.82,
Seychelles,SYC,1995.0,2.976485,10135.1,
Seychelles,SYC,1996.0,2.976897,10468.99,
Seychelles,SYC,1997.0,2.974895,12233.05,
Seychelles,SYC,1998.0,2.970892,13801.19,
Seychelles,SYC,1999.0,2.964464,14235.79,
Seychelles,SYC,2000.0,2.961164,14379.83,
Seychelles,SYC,2001.0,2.955657,14221.16,
Seychelles,SYC,2002.0,2.951102,14581.41,
Seychelles,SYC,2003.0,2.945765,13835.99,
Seychelles,SYC,2004.0,2.941494,13735.9,
Seychelles,SYC,2005.0,2.936018,15172.56,
Seychelles,SYC,2006.0,2.929147,16824.61,
Seychelles,SYC,2007.0,2.920204,18832.83,
Seychelles,SYC,2008.0,2.910089,18687.39,
Seychelles,SYC,2009.0,2.901364,18744.0,
Seychelles,SYC,2010.0,2.896495,20147.18,
Seychelles,SYC,2011.0,2.894561,21545.0,
Seychelles,SYC,2012.0,2.89145,22130.0,
Seychelles,SYC,2013.0,2.889817,23036.0,46.8
Seychelles,SYC,2014.0,2.886782,24250.0,
Seychelles,SYC,2015.0,2.885492,25690.0,
Seychelles,SYC,2016.0,2.885115,26624.0,
Seychelles,SYC,2017.0,2.886514,27573.69,
Sierra Leone,SLE,1990.0,3.423697,1635.0,
Sierra Leone,SLE,1991.0,3.427008,1467.39,
Sierra Leone,SLE,1992.0,3.432402,1354.97,
Sierra Leone,SLE,1993.0,3.439173,1405.16,
Sierra Leone,SLE,1994.0,3.447889,1500.21,
Sierra Leone,SLE,1995.0,3.456314,1383.11,
Sierra Leone,SLE,1996.0,3.467403,1060.56,
Sierra Leone,SLE,1997.0,3.481772,885.3,
Sierra Leone,SLE,1998.0,3.500268,882.73,
Sierra Leone,SLE,1999.0,3.517609,814.12,
Sierra Leone,SLE,2000.0,3.532833,828.79,
Sierra Leone,SLE,2001.0,3.544233,923.05,
Sierra Leone,SLE,2002.0,3.555686,1101.75,
Sierra Leone,SLE,2003.0,3.56601,1156.52,40.2
Sierra Leone,SLE,2004.0,3.576074,1197.15,
Sierra Leone,SLE,2005.0,3.581272,1223.7,
Sierra Leone,SLE,2006.0,3.58541,1247.25,
Sierra Leone,SLE,2007.0,3.587513,1320.76,
Sierra Leone,SLE,2008.0,3.588203,1363.49,
Sierra Leone,SLE,2009.0,3.589456,1378.36,
Sierra Leone,SLE,2010.0,3.588272,1421.15,
Sierra Leone,SLE,2011.0,3.587027,1479.0,34.0
Sierra Leone,SLE,2012.0,3.584804,1665.0,
Sierra Leone,SLE,2013.0,3.585279,1965.0,
Sierra Leone,SLE,2014.0,3.583568,2007.0,
Sierra Leone,SLE,2015.0,3.582731,1563.0,
Sierra Leone,SLE,2016.0,3.581284,1619.0,
Sierra Leone,SLE,2017.0,3.581501,1644.25,
Singapore,SGP,1990.0,3.926732,22666.0,
Singapore,SGP,1991.0,3.95624,23636.68,
Singapore,SGP,1992.0,3.981979,24775.57,
Singapore,SGP,1993.0,4.000174,27073.71,
Singapore,SGP,1994.0,4.008024,29454.61,
Singapore,SGP,1995.0,4.000114,30957.29,
Singapore,SGP,1996.0,3.982002,32724.49,
Singapore,SGP,1997.0,3.965194,34868.07,
Singapore,SGP,1998.0,3.945363,33590.48,
Singapore,SGP,1999.0,3.921154,35156.12,
Singapore,SGP,2000.0,3.894925,37772.76,
Singapore,SGP,2001.0,3.836638,36864.58,
Singapore,SGP,2002.0,3.742717,37829.9,
Singapore,SGP,2003.0,3.63728,38950.75,
Singapore,SGP,2004.0,3.54791,42111.17,
Singapore,SGP,2005.0,3.494622,44698.84,
Singapore,SGP,2006.0,3.472043,48073.59,
Singapore,SGP,2007.0,3.450938,51844.06,
Singapore,SGP,2008.0,3.434851,52180.17,
Singapore,SGP,2009.0,3.422751,51344.48,
Singapore,SGP,2010.0,3.417825,58612.73,
Singapore,SGP,2011.0,3.41716,61672.0,
Singapore,SGP,2012.0,3.417503,62783.0,
Singapore,SGP,2013.0,3.419186,64633.0,
Singapore,SGP,2014.0,3.421481,65655.0,
Singapore,SGP,2015.0,3.42572,65660.0,
Singapore,SGP,2016.0,3.42996,65729.0,
Singapore,SGP,2017.0,3.438271,67331.03,
Slovakia,SVK,1990.0,2.53557,12374.0,
Slovakia,SVK,1991.0,2.541668,10537.41,
Slovakia,SVK,1992.0,2.547234,9838.61,
Slovakia,SVK,1993.0,2.549044,10481.12,
Slovakia,SVK,1994.0,2.550926,11063.95,
Slovakia,SVK,1995.0,2.549661,11874.4,
Slovakia,SVK,1996.0,2.547267,12622.91,
Slovakia,SVK,1997.0,2.538367,13335.46,
Slovakia,SVK,1998.0,2.530583,13822.19,
Slovakia,SVK,1999.0,2.522068,13750.33,
Slovakia,SVK,2000.0,2.51264,13904.99,
Slovakia,SVK,2001.0,2.505618,14361.9,
Slovakia,SVK,2002.0,2.497497,14984.73,
Slovakia,SVK,2003.0,2.488252,15773.09,
Slovakia,SVK,2004.0,2.479952,16570.86,
Slovakia,SVK,2005.0,2.470542,17649.52,
Slovakia,SVK,2006.0,2.463174,19099.43,
Slovakia,SVK,2007.0,2.453485,21109.94,
Slovakia,SVK,2008.0,2.44377,22231.99,
Slovakia,SVK,2009.0,2.434655,20953.04,
Slovakia,SVK,2010.0,2.42896,21941.21,
Slovakia,SVK,2011.0,2.423223,22483.0,
Slovakia,SVK,2012.0,2.417848,22816.0,
Slovakia,SVK,2013.0,2.41266,23132.0,
Slovakia,SVK,2014.0,2.408812,23703.0,
Slovakia,SVK,2015.0,2.406614,24588.0,
Slovakia,SVK,2016.0,2.403851,25364.0,
Slovakia,SVK,2017.0,2.401999,26096.15,
Slovenia,SVN,1990.0,3.392599,18093.0,
Slovenia,SVN,1991.0,3.413966,16401.96,
Slovenia,SVN,1992.0,3.428773,15462.71,
Slovenia,SVN,1993.0,3.436858,15872.12,29.2
Slovenia,SVN,1994.0,3.443496,16664.71,
Slovenia,SVN,1995.0,3.442244,17816.8,
Slovenia,SVN,1996.0,3.431638,18376.25,
Slovenia,SVN,1997.0,3.40678,19258.95,24.1
Slovenia,SVN,1998.0,3.376194,19851.06,
Slovenia,SVN,1999.0,3.340322,20793.92,24.0
Slovenia,SVN,2000.0,3.308671,21501.34,
Slovenia,SVN,2001.0,3.281003,22006.95,
Slovenia,SVN,2002.0,3.249386,22725.31,
Slovenia,SVN,2003.0,3.217147,23257.42,
Slovenia,SVN,2004.0,3.183512,24150.58,24.8
Slovenia,SVN,2005.0,3.148225,24966.94,24.6
Slovenia,SVN,2006.0,3.112146,26182.78,24.4
Slovenia,SVN,2007.0,3.067843,27832.76,24.4
Slovenia,SVN,2008.0,3.024947,28473.6,23.7
Slovenia,SVN,2009.0,2.989215,25905.51,24.8
Slovenia,SVN,2010.0,2.960118,26000.92,24.9
Slovenia,SVN,2011.0,2.940982,26004.0,24.9
Slovenia,SVN,2012.0,2.923721,25252.0,25.6
Slovenia,SVN,2013.0,2.906482,24944.0,26.2
Slovenia,SVN,2014.0,2.891008,25693.0,25.7
Slovenia,SVN,2015.0,2.879148,26268.0,25.4
Slovenia,SVN,2016.0,2.86876,26908.0,24.8
Slovenia,SVN,2017.0,2.863278,28190.18,24.2
South Africa,ZAF,1990.0,3.758913,6111.0,
South Africa,ZAF,1991.0,3.746342,6034.9,
South Africa,ZAF,1992.0,3.734962,5901.98,
South Africa,ZAF,1993.0,3.725612,5965.91,59.3
South Africa,ZAF,1994.0,3.717603,6172.97,
South Africa,ZAF,1995.0,3.712991,6406.43,
South Africa,ZAF,1996.0,3.708842,6725.79,60.7
South Africa,ZAF,1997.0,3.70284,6950.47,
South Africa,ZAF,1998.0,3.69658,7024.3,
South Africa,ZAF,1999.0,3.694011,7234.29,
South Africa,ZAF,2000.0,3.695491,7582.78,57.8
South Africa,ZAF,2001.0,3.705861,7839.63,
South Africa,ZAF,2002.0,3.724658,8171.21,
South Africa,ZAF,2003.0,3.744977,8451.45,
South Africa,ZAF,2004.0,3.760944,8877.92,
South Africa,ZAF,2005.0,3.767504,9393.69,64.8
South Africa,ZAF,2006.0,3.760696,9978.47,
South Africa,ZAF,2007.0,3.744696,10576.29,
South Africa,ZAF,2008.0,3.725575,10977.15,63.0
South Africa,ZAF,2009.0,3.708589,10873.05,
South Africa,ZAF,2010.0,3.69995,11318.6,63.4
South Africa,ZAF,2011.0,3.699571,11838.0,
South Africa,ZAF,2012.0,3.700294,11992.0,
South Africa,ZAF,2013.0,3.703193,12171.0,
South Africa,ZAF,2014.0,3.70879,12242.0,63.0
South Africa,ZAF,2015.0,3.717595,12246.0,
South Africa,ZAF,2016.0,3.729763,12139.0,
South Africa,ZAF,2017.0,3.745871,12189.36,
South Korea,KOR,1990.0,2.819177,13874.0,
South Korea,KOR,1991.0,2.818443,15056.16,
South Korea,KOR,1992.0,2.818389,15712.0,
South Korea,KOR,1993.0,2.820344,16503.43,
South Korea,KOR,1994.0,2.8215,17720.4,
South Korea,KOR,1995.0,2.825135,19089.3,
South Korea,KOR,1996.0,2.831562,20204.56,
South Korea,KOR,1997.0,2.836958,21055.95,
South Korea,KOR,1998.0,2.841144,19624.69,
South Korea,KOR,1999.0,2.845783,21540.69,
South Korea,KOR,2000.0,2.850779,23108.02,
South Korea,KOR,2001.0,2.852767,23804.44,
South Korea,KOR,2002.0,2.854535,25250.64,
South Korea,KOR,2003.0,2.855711,25679.25,
South Korea,KOR,2004.0,2.856841,26646.5,
South Korea,KOR,2005.0,2.86152,27443.28,
South Korea,KOR,2006.0,2.874701,28516.48,
South Korea,KOR,2007.0,2.899276,29716.57,
South Korea,KOR,2008.0,2.930153,30117.73,
South Korea,KOR,2009.0,2.962159,29967.56,
South Korea,KOR,2010.0,2.989864,31537.77,
South Korea,KOR,2011.0,3.014011,32225.0,
South Korea,KOR,2012.0,3.039565,32791.0,
South Korea,KOR,2013.0,3.062516,33588.0,
South Korea,KOR,2014.0,3.088799,34493.0,
South Korea,KOR,2015.0,3.112223,35269.0,
South Korea,KOR,2016.0,3.13916,36103.0,
South Korea,KOR,2017.0,3.165684,37093.22,
Spain,ESP,1990.0,3.858486,19215.0,32.0
Spain,ESP,1991.0,3.789711,19958.06,
Spain,ESP,1992.0,3.724554,20329.17,
Spain,ESP,1993.0,3.669752,20056.54,
Spain,ESP,1994.0,3.631979,20673.95,
Spain,ESP,1995.0,3.613517,21522.1,36.7
Spain,ESP,1996.0,3.59628,22185.07,
Spain,ESP,1997.0,3.563349,23113.62,
Spain,ESP,1998.0,3.525654,24284.86,
Spain,ESP,1999.0,3.489747,25549.54,
Spain,ESP,2000.0,3.46722,26994.86,34.3
Spain,ESP,2001.0,3.448446,28153.55,
Spain,ESP,2002.0,3.422318,28753.32,
Spain,ESP,2003.0,3.395532,29371.86,31.8
Spain,ESP,2004.0,3.37311,30088.09,33.3
Spain,ESP,2005.0,3.358963,30885.6,32.4
Spain,ESP,2006.0,3.362961,31907.42,33.5
Spain,ESP,2007.0,3.386968,32735.43,34.1
Spain,ESP,2008.0,3.416201,32844.33,34.2
Spain,ESP,2009.0,3.441262,31669.69,34.9
Spain,ESP,2010.0,3.454534,31786.4,35.2
Spain,ESP,2011.0,3.46059,31600.0,35.7
Spain,ESP,2012.0,3.470575,30699.0,35.4
Spain,ESP,2013.0,3.480882,30280.0,36.2
Spain,ESP,2014.0,3.49155,30819.0,36.1
Spain,ESP,2015.0,3.506859,31847.0,36.2
Spain,ESP,2016.0,3.522661,30110.0,35.8
Spain,ESP,2017.0,3.538359,30908.12,34.7
Sri Lanka,LKA,1990.0,3.73526,3864.0,32.4
Sri Lanka,LKA,1991.0,3.780434,4214.98,
Sri Lanka,LKA,1992.0,3.81467,4020.97,
Sri Lanka,LKA,1993.0,3.838096,4247.02,
Sri Lanka,LKA,1994.0,3.853167,4500.82,
Sri Lanka,LKA,1995.0,3.857782,4702.29,35.4
Sri Lanka,LKA,1996.0,3.844468,5187.71,
Sri Lanka,LKA,1997.0,3.80252,5628.53,
Sri Lanka,LKA,1998.0,3.748261,5440.22,
Sri Lanka,LKA,1999.0,3.693832,5488.52,
Sri Lanka,LKA,2000.0,3.650832,5841.09,
Sri Lanka,LKA,2001.0,3.620192,5620.97,
Sri Lanka,LKA,2002.0,3.591254,5721.31,40.2
Sri Lanka,LKA,2003.0,3.568743,5963.57,
Sri Lanka,LKA,2004.0,3.547071,6191.97,
Sri Lanka,LKA,2005.0,3.530024,6491.2,
Sri Lanka,LKA,2006.0,3.513484,6904.04,39.7
Sri Lanka,LKA,2007.0,3.499119,7283.63,
Sri Lanka,LKA,2008.0,3.485303,7622.41,
Sri Lanka,LKA,2009.0,3.475191,7796.65,36.1
Sri Lanka,LKA,2010.0,3.466103,8319.7,
Sri Lanka,LKA,2011.0,3.461686,8918.0,
Sri Lanka,LKA,2012.0,3.456717,9678.0,38.7
Sri Lanka,LKA,2013.0,3.45255,9928.0,
Sri Lanka,LKA,2014.0,3.449242,10342.0,
Sri Lanka,LKA,2015.0,3.446117,10763.0,
Sri Lanka,LKA,2016.0,3.444301,11149.0,39.3
Sri Lanka,LKA,2017.0,3.44333,11418.13,
Sudan,SDN,1990.0,3.75541,1211.0,
Sudan,SDN,1991.0,3.765345,1277.69,
Sudan,SDN,1992.0,3.773231,1336.05,
Sudan,SDN,1993.0,3.779852,1374.38,
Sudan,SDN,1994.0,3.784489,1386.11,
Sudan,SDN,1995.0,3.785723,1467.71,
Sudan,SDN,1996.0,3.786379,1551.86,
Sudan,SDN,1997.0,3.786181,1714.38,
Sudan,SDN,1998.0,3.786155,1785.1,
Sudan,SDN,1999.0,3.787262,1837.5,
Sudan,SDN,2000.0,3.786426,1951.47,
Sudan,SDN,2001.0,3.785482,2075.62,
Sudan,SDN,2002.0,3.786152,2205.57,
Sudan,SDN,2003.0,3.786202,2373.06,
Sudan,SDN,2004.0,3.787313,2461.3,
Sudan,SDN,2005.0,3.786391,2642.52,
Sudan,SDN,2006.0,3.786523,2903.8,
Sudan,SDN,2007.0,3.787125,3233.7,
Sudan,SDN,2008.0,3.786998,3478.89,
Sudan,SDN,2009.0,3.786401,3580.19,35.4
Sudan,SDN,2010.0,3.785771,3707.3,
Sudan,SDN,2011.0,3.78556,3669.0,
Sudan,SDN,2012.0,3.786371,3231.0,
Sudan,SDN,2013.0,3.785417,3451.0,
Sudan,SDN,2014.0,3.783243,3531.0,34.2
Sudan,SDN,2015.0,3.782896,3625.0,
Sudan,SDN,2016.0,3.7815,3651.0,
Sudan,SDN,2017.0,3.781451,3566.15,
Sweden,SWE,1990.0,4.691271,28068.0,
Sweden,SWE,1991.0,4.68566,27614.03,
Sweden,SWE,1992.0,4.67832,27198.53,24.9
Sweden,SWE,1993.0,4.668545,26558.83,
Sweden,SWE,1994.0,4.661501,27505.96,
Sweden,SWE,1995.0,4.65194,28519.44,25.2
Sweden,SWE,1996.0,4.637968,29012.1,
Sweden,SWE,1997.0,4.616927,29862.67,
Sweden,SWE,1998.0,4.594406,31187.16,
Sweden,SWE,1999.0,4.57244,32705.21,
Sweden,SWE,2000.0,4.560509,34202.6,27.2
Sweden,SWE,2001.0,4.555148,34666.66,
Sweden,SWE,2002.0,4.552223,35569.77,
Sweden,SWE,2003.0,4.551847,36435.75,25.3
Sweden,SWE,2004.0,4.553656,38016.06,26.1
Sweden,SWE,2005.0,4.552112,39258.99,26.8
Sweden,SWE,2006.0,4.553118,40992.3,26.4
Sweden,SWE,2007.0,4.55514,42399.84,27.1
Sweden,SWE,2008.0,4.556682,42189.96,28.1
Sweden,SWE,2009.0,4.557249,40116.31,27.3
Sweden,SWE,2010.0,4.554698,42634.75,27.7
Sweden,SWE,2011.0,4.548765,42079.0,27.6
Sweden,SWE,2012.0,4.541678,41650.0,27.6
Sweden,SWE,2013.0,4.533727,41811.0,28.8
Sweden,SWE,2014.0,4.524133,42476.0,28.4
Sweden,SWE,2015.0,4.513444,43746.0,29.2
Sweden,SWE,2016.0,4.50042,44659.0,29.6
Sweden,SWE,2017.0,4.487911,45192.74,28.8
Switzerland,CHE,1990.0,4.198059,34250.0,
Switzerland,CHE,1991.0,4.198965,34128.64,
Switzerland,CHE,1992.0,4.198944,34356.8,33.9
Switzerland,CHE,1993.0,4.194566,34625.53,
Switzerland,CHE,1994.0,4.189098,35423.83,
Switzerland,CHE,1995.0,4.182453,36004.23,
Switzerland,CHE,1996.0,4.166359,36720.49,
Switzerland,CHE,1997.0,4.139134,38165.48,
Switzerland,CHE,1998.0,4.103192,39890.54,
Switzerland,CHE,1999.0,4.068594,41091.64,
Switzerland,CHE,2000.0,4.037036,43251.1,33.4
Switzerland,CHE,2001.0,4.010965,44398.64,
Switzerland,CHE,2002.0,3.982328,44934.32,31.7
Switzerland,CHE,2003.0,3.957172,45441.6,
Switzerland,CHE,2004.0,3.931354,47263.6,
Switzerland,CHE,2005.0,3.904418,49273.9,
Switzerland,CHE,2006.0,3.879094,51862.96,33.9
Switzerland,CHE,2007.0,3.852081,54509.54,34.3
Switzerland,CHE,2008.0,3.826025,56054.88,33.8
Switzerland,CHE,2009.0,3.802627,55171.5,32.9
Switzerland,CHE,2010.0,3.784536,57219.5,32.6
Switzerland,CHE,2011.0,3.769659,58686.0,31.7
Switzerland,CHE,2012.0,3.755501,58674.0,31.6
Switzerland,CHE,2013.0,3.743814,59036.0,32.5
Switzerland,CHE,2014.0,3.731711,59485.0,32.5
Switzerland,CHE,2015.0,3.721917,59307.0,32.3
Switzerland,CHE,2016.0,3.714226,59662.0,33.0
Switzerland,CHE,2017.0,3.70806,60171.44,32.7
Syria,SYR,1990.0,3.643245,9087.0,
Syria,SYR,1991.0,3.62924,9424.12,
Syria,SYR,1992.0,3.61573,10002.28,
Syria,SYR,1993.0,3.604117,10072.49,
Syria,SYR,1994.0,3.594875,9969.37,
Syria,SYR,1995.0,3.589881,9856.48,
Syria,SYR,1996.0,3.586912,9517.37,
Syria,SYR,1997.0,3.58505,8826.77,
Syria,SYR,1998.0,3.582082,8742.97,
Syria,SYR,1999.0,3.579922,7960.29,
Syria,SYR,2000.0,3.577083,7668.07,
Syria,SYR,2001.0,3.57625,7509.3,
Syria,SYR,2002.0,3.574705,7529.7,
Syria,SYR,2003.0,3.57423,6986.52,
Syria,SYR,2004.0,3.571052,7051.43,
Syria,SYR,2005.0,3.569462,7037.72,
Syria,SYR,2006.0,3.560967,6901.78,
Syria,SYR,2007.0,3.546427,6779.54,
Syria,SYR,2008.0,3.532809,6600.38,
Syria,SYR,2009.0,3.519251,6586.52,
Syria,SYR,2010.0,3.515939,6520.61,
Syria,SYR,2011.0,3.51671,5979.0,
Syria,SYR,2012.0,3.520873,4829.0,
Syria,SYR,2013.0,3.526188,4124.0,
Syria,SYR,2014.0,3.535209,3536.0,
Syria,SYR,2015.0,3.547811,3049.0,
Syria,SYR,2016.0,3.563533,3091.0,
Syria,SYR,2017.0,3.582073,3241.4,
Taiwan,TWN,1990.0,2.844826,15841.0,
Taiwan,TWN,1991.0,2.855959,16934.81,
Taiwan,TWN,1992.0,2.867424,18101.33,
Taiwan,TWN,1993.0,2.878329,19087.6,
Taiwan,TWN,1994.0,2.887074,20269.27,
Taiwan,TWN,1995.0,2.896151,21329.69,
Taiwan,TWN,1996.0,2.905766,22390.05,
Taiwan,TWN,1997.0,2.91862,23437.77,
Taiwan,TWN,1998.0,2.930711,24131.22,
Taiwan,TWN,1999.0,2.9434,25471.78,
Taiwan,TWN,2000.0,2.955417,26787.45,
Taiwan,TWN,2001.0,2.965065,26203.98,
Taiwan,TWN,2002.0,2.973479,27425.81,
Taiwan,TWN,2003.0,2.98285,28348.85,
Taiwan,TWN,2004.0,2.99102,29975.14,
Taiwan,TWN,2005.0,2.999876,31374.45,
Taiwan,TWN,2006.0,3.007156,32867.37,
Taiwan,TWN,2007.0,3.015172,34761.31,
Taiwan,TWN,2008.0,3.02206,34762.37,
Taiwan,TWN,2009.0,3.026893,33974.45,
Taiwan,TWN,2010.0,3.028983,37385.49,
Taiwan,TWN,2011.0,3.030542,38565.0,
Taiwan,TWN,2012.0,3.030753,39207.0,
Taiwan,TWN,2013.0,3.030585,39971.0,
Taiwan,TWN,2014.0,3.028666,41472.0,
Taiwan,TWN,2015.0,3.024469,41668.0,
Taiwan,TWN,2016.0,3.021449,42165.0,
Taiwan,TWN,2017.0,3.016543,43503.79,
Tajikistan,TJK,1990.0,2.691665,4803.0,
Tajikistan,TJK,1991.0,2.683336,4270.37,
Tajikistan,TJK,1992.0,2.67662,2832.7,
Tajikistan,TJK,1993.0,2.6687,2482.41,
Tajikistan,TJK,1994.0,2.66208,1928.32,
Tajikistan,TJK,1995.0,2.653621,1666.18,
Tajikistan,TJK,1996.0,2.643203,1559.52,
Tajikistan,TJK,1997.0,2.629548,1552.63,
Tajikistan,TJK,1998.0,2.616836,1589.33,
Tajikistan,TJK,1999.0,2.603979,1621.32,29.5
Tajikistan,TJK,2000.0,2.593906,1723.36,
Tajikistan,TJK,2001.0,2.587663,1845.48,
Tajikistan,TJK,2002.0,2.581781,1982.88,
Tajikistan,TJK,2003.0,2.57779,2135.91,32.7
Tajikistan,TJK,2004.0,2.573995,2301.29,33.6
Tajikistan,TJK,2005.0,2.567861,2416.87,
Tajikistan,TJK,2006.0,2.561745,2524.84,
Tajikistan,TJK,2007.0,2.552201,2647.21,32.2
Tajikistan,TJK,2008.0,2.543658,2801.78,
Tajikistan,TJK,2009.0,2.538852,2853.89,30.8
Tajikistan,TJK,2010.0,2.536078,2975.93,
Tajikistan,TJK,2011.0,2.537635,3111.0,
Tajikistan,TJK,2012.0,2.539321,3285.0,
Tajikistan,TJK,2013.0,2.542578,3471.0,
Tajikistan,TJK,2014.0,2.54551,3633.0,
Tajikistan,TJK,2015.0,2.54976,3789.0,34.0
Tajikistan,TJK,2016.0,2.555986,3991.0,
Tajikistan,TJK,2017.0,2.563961,4204.91,
Tanzania,TZA,1990.0,3.769855,875.0,
Tanzania,TZA,1991.0,3.769954,891.89,35.3
Tanzania,TZA,1992.0,3.768707,895.48,
Tanzania,TZA,1993.0,3.766921,900.41,
Tanzania,TZA,1994.0,3.762903,904.76,
Tanzania,TZA,1995.0,3.760623,931.0,
Tanzania,TZA,1996.0,3.756629,979.73,
Tanzania,TZA,1997.0,3.752023,1017.17,
Tanzania,TZA,1998.0,3.746888,1052.08,
Tanzania,TZA,1999.0,3.741761,1100.35,
Tanzania,TZA,2000.0,3.733591,1148.68,37.3
Tanzania,TZA,2001.0,3.728629,1213.63,
Tanzania,TZA,2002.0,3.721922,1293.21,
Tanzania,TZA,2003.0,3.712126,1369.94,
Tanzania,TZA,2004.0,3.703461,1464.39,
Tanzania,TZA,2005.0,3.69649,1554.15,
Tanzania,TZA,2006.0,3.685252,1622.0,
Tanzania,TZA,2007.0,3.673834,1754.46,40.3
Tanzania,TZA,2008.0,3.660712,1848.17,
Tanzania,TZA,2009.0,3.652599,1946.85,
Tanzania,TZA,2010.0,3.65078,2068.86,
Tanzania,TZA,2011.0,3.653005,2227.0,37.8
Tanzania,TZA,2012.0,3.655405,2275.0,
Tanzania,TZA,2013.0,3.658587,2372.0,
Tanzania,TZA,2014.0,3.664645,2467.0,
Tanzania,TZA,2015.0,3.670488,2566.0,
Tanzania,TZA,2016.0,3.678271,2660.0,
Tanzania,TZA,2017.0,3.685748,2762.87,40.5
Thailand,THA,1990.0,2.979739,7385.0,45.3
Thailand,THA,1991.0,2.994226,7849.74,
Thailand,THA,1992.0,3.005804,8409.02,47.9
Thailand,THA,1993.0,3.019329,8964.29,
Thailand,THA,1994.0,3.033093,9499.52,43.5
Thailand,THA,1995.0,3.043687,10080.21,
Thailand,THA,1996.0,3.052955,10458.36,42.9
Thailand,THA,1997.0,3.064761,9995.62,
Thailand,THA,1998.0,3.073758,9077.75,41.5
Thailand,THA,1999.0,3.082819,9347.06,43.1
Thailand,THA,2000.0,3.09092,9627.1,42.8
Thailand,THA,2001.0,3.100764,9818.72,
Thailand,THA,2002.0,3.109344,10276.4,41.9
Thailand,THA,2003.0,3.118553,10868.84,
Thailand,THA,2004.0,3.127299,11408.33,42.5
Thailand,THA,2005.0,3.128016,11742.13,
Thailand,THA,2006.0,3.125727,12180.71,41.8
Thailand,THA,2007.0,3.120784,12694.71,39.8
Thailand,THA,2008.0,3.115786,12768.13,40.3
Thailand,THA,2009.0,3.109989,12543.4,39.6
Thailand,THA,2010.0,3.10254,13343.55,39.4
Thailand,THA,2011.0,3.09972,13318.0,37.5
Thailand,THA,2012.0,3.096663,14227.0,39.3
Thailand,THA,2013.0,3.092496,14562.0,37.8
Thailand,THA,2014.0,3.089677,14642.0,37.0
Thailand,THA,2015.0,3.085864,15020.0,36.0
Thailand,THA,2016.0,3.085204,15454.0,36.9
Thailand,THA,2017.0,3.085057,16032.22,36.5
Togo,TGO,1990.0,3.560309,1275.0,
Togo,TGO,1991.0,3.566425,1249.17,
Togo,TGO,1992.0,3.571484,1181.87,
Togo,TGO,1993.0,3.576993,1003.16,
Togo,TGO,1994.0,3.5819,1145.78,
Togo,TGO,1995.0,3.589421,1170.6,
Togo,TGO,1996.0,3.595098,1215.74,
Togo,TGO,1997.0,3.604576,1226.33,
Togo,TGO,1998.0,3.613622,1174.85,
Togo,TGO,1999.0,3.621066,1183.01,
Togo,TGO,2000.0,3.628533,1150.37,
Togo,TGO,2001.0,3.632606,1115.55,
Togo,TGO,2002.0,3.635953,1081.74,
Togo,TGO,2003.0,3.641304,1114.46,
Togo,TGO,2004.0,3.644595,1121.81,
Togo,TGO,2005.0,3.64637,1119.8,
Togo,TGO,2006.0,3.648626,1144.88,42.2
Togo,TGO,2007.0,3.651043,1145.92,
Togo,TGO,2008.0,3.653143,1150.36,
Togo,TGO,2009.0,3.653437,1165.89,
Togo,TGO,2010.0,3.655271,1191.14,
Togo,TGO,2011.0,3.654932,1227.0,46.0
Togo,TGO,2012.0,3.653918,1263.0,
Togo,TGO,2013.0,3.655243,1292.0,
Togo,TGO,2014.0,3.656653,1334.0,
Togo,TGO,2015.0,3.655251,1370.0,43.1
Togo,TGO,2016.0,3.655581,1400.0,
Togo,TGO,2017.0,3.656725,1417.82,
Trinidad and Tobago,TTO,1990.0,3.433301,14112.0,
Trinidad and Tobago,TTO,1991.0,3.445302,14060.74,
Trinidad and Tobago,TTO,1992.0,3.451564,14195.95,40.3
Trinidad and Tobago,TTO,1993.0,3.455137,13745.8,
Trinidad and Tobago,TTO,1994.0,3.458589,13350.9,
Trinidad and Tobago,TTO,1995.0,3.458776,14187.66,
Trinidad and Tobago,TTO,1996.0,3.452817,15004.26,
Trinidad and Tobago,TTO,1997.0,3.436279,15931.67,
Trinidad and Tobago,TTO,1998.0,3.415368,17013.75,
Trinidad and Tobago,TTO,1999.0,3.394851,18159.92,
Trinidad and Tobago,TTO,2000.0,3.380885,19179.92,
Trinidad and Tobago,TTO,2001.0,3.368607,19736.68,
Trinidad and Tobago,TTO,2002.0,3.355561,21052.45,
Trinidad and Tobago,TTO,2003.0,3.344868,23814.07,
Trinidad and Tobago,TTO,2004.0,3.337394,25403.27,
Trinidad and Tobago,TTO,2005.0,3.332246,26651.83,
Trinidad and Tobago,TTO,2006.0,3.330802,29792.42,
Trinidad and Tobago,TTO,2007.0,3.333834,30806.17,
Trinidad and Tobago,TTO,2008.0,3.340305,31434.3,
Trinidad and Tobago,TTO,2009.0,3.345057,29657.46,
Trinidad and Tobago,TTO,2010.0,3.347788,30235.99,
Trinidad and Tobago,TTO,2011.0,3.348171,29745.0,
Trinidad and Tobago,TTO,2012.0,3.346171,30157.0,
Trinidad and Tobago,TTO,2013.0,3.343334,30987.0,
Trinidad and Tobago,TTO,2014.0,3.341932,30842.0,
Trinidad and Tobago,TTO,2015.0,3.337388,30702.0,
Trinidad and Tobago,TTO,2016.0,3.33339,29178.0,
Trinidad and Tobago,TTO,2017.0,3.329938,28556.54,
Tunisia,TUN,1990.0,3.893439,5316.0,40.2
Tunisia,TUN,1991.0,3.892408,5446.23,
Tunisia,TUN,1992.0,3.891497,5789.96,
Tunisia,TUN,1993.0,3.890903,5843.07,
Tunisia,TUN,1994.0,3.892605,5968.84,
Tunisia,TUN,1995.0,3.893778,6048.75,41.7
Tunisia,TUN,1996.0,3.896039,6388.39,
Tunisia,TUN,1997.0,3.90076,6680.1,
Tunisia,TUN,1998.0,3.906486,6944.66,
Tunisia,TUN,1999.0,3.909956,7297.47,
Tunisia,TUN,2000.0,3.914771,7548.44,40.8
Tunisia,TUN,2001.0,3.917945,7848.09,
Tunisia,TUN,2002.0,3.920216,7916.68,
Tunisia,TUN,2003.0,3.920174,8281.72,
Tunisia,TUN,2004.0,3.924031,8705.08,
Tunisia,TUN,2005.0,3.924822,8983.38,37.7
Tunisia,TUN,2006.0,3.922653,9420.02,
Tunisia,TUN,2007.0,3.918449,9932.94,
Tunisia,TUN,2008.0,3.912735,10294.92,
Tunisia,TUN,2009.0,3.90976,10533.22,
Tunisia,TUN,2010.0,3.907511,10721.81,35.8
Tunisia,TUN,2011.0,3.906963,10437.0,
Tunisia,TUN,2012.0,3.906417,10739.0,
Tunisia,TUN,2013.0,3.908848,10898.0,
Tunisia,TUN,2014.0,3.908433,11040.0,
Tunisia,TUN,2015.0,3.910004,11060.0,32.8
Tunisia,TUN,2016.0,3.911391,11073.0,
Tunisia,TUN,2017.0,3.915189,11168.26,
Turkey,TUR,1990.0,3.788092,8606.0,
Turkey,TUR,1991.0,3.79286,8658.38,
Turkey,TUR,1992.0,3.796957,9150.43,
Turkey,TUR,1993.0,3.79868,9865.3,
Turkey,TUR,1994.0,3.802672,9308.7,
Turkey,TUR,1995.0,3.804783,9962.54,
Turkey,TUR,1996.0,3.810493,10644.63,
Turkey,TUR,1997.0,3.819964,11432.44,
Turkey,TUR,1998.0,3.830476,11772.83,
Turkey,TUR,1999.0,3.84374,11151.67,
Turkey,TUR,2000.0,3.852894,11904.01,
Turkey,TUR,2001.0,3.862663,10950.99,
Turkey,TUR,2002.0,3.872591,11753.95,
Turkey,TUR,2003.0,3.882399,12380.21,
Turkey,TUR,2004.0,3.886961,13423.79,
Turkey,TUR,2005.0,3.883745,14487.76,
Turkey,TUR,2006.0,3.870491,15425.19,
Turkey,TUR,2007.0,3.846446,16090.83,
Turkey,TUR,2008.0,3.816132,16182.73,
Turkey,TUR,2009.0,3.789391,15188.42,
Turkey,TUR,2010.0,3.77003,16528.12,
Turkey,TUR,2011.0,3.760554,17919.0,
Turkey,TUR,2012.0,3.750356,18170.0,
Turkey,TUR,2013.0,3.742349,18788.0,
Turkey,TUR,2014.0,3.7342,19277.0,
Turkey,TUR,2015.0,3.725807,19836.0,
Turkey,TUR,2016.0,3.721385,17906.0,
Turkey,TUR,2017.0,3.718658,18995.82,
Turkmenistan,TKM,1990.0,2.9136,5796.0,
Turkmenistan,TKM,1991.0,2.917043,5457.76,
Turkmenistan,TKM,1992.0,2.917563,4587.76,
Turkmenistan,TKM,1993.0,2.920778,4604.38,
Turkmenistan,TKM,1994.0,2.919812,3769.62,
Turkmenistan,TKM,1995.0,2.917409,3473.68,
Turkmenistan,TKM,1996.0,2.914221,3226.98,
Turkmenistan,TKM,1997.0,2.908275,2856.15,
Turkmenistan,TKM,1998.0,2.903411,3037.7,40.8
Turkmenistan,TKM,1999.0,2.897124,3527.16,
Turkmenistan,TKM,2000.0,2.892461,4173.19,
Turkmenistan,TKM,2001.0,2.888669,5014.06,
Turkmenistan,TKM,2002.0,2.886916,5795.64,
Turkmenistan,TKM,2003.0,2.885534,6784.56,
Turkmenistan,TKM,2004.0,2.881919,7781.74,
Turkmenistan,TKM,2005.0,2.878487,8791.68,
Turkmenistan,TKM,2006.0,2.869573,9752.36,
Turkmenistan,TKM,2007.0,2.857855,10829.38,
Turkmenistan,TKM,2008.0,2.846388,12426.72,
Turkmenistan,TKM,2009.0,2.835529,13188.45,
Turkmenistan,TKM,2010.0,2.828583,14397.15,
Turkmenistan,TKM,2011.0,2.824549,16518.0,
Turkmenistan,TKM,2012.0,2.822861,18135.0,
Turkmenistan,TKM,2013.0,2.820571,19751.0,
Turkmenistan,TKM,2014.0,2.819414,21546.0,
Turkmenistan,TKM,2015.0,2.818218,22675.0,
Turkmenistan,TKM,2016.0,2.820538,23813.0,
Turkmenistan,TKM,2017.0,2.823086,25069.62,
Uganda,UGA,1990.0,5.003476,932.0,
Uganda,UGA,1991.0,5.04276,915.41,
Uganda,UGA,1992.0,5.084955,934.83,41.4
Uganda,UGA,1993.0,5.12866,959.19,
Uganda,UGA,1994.0,5.171294,994.53,
Uganda,UGA,1995.0,5.214289,1054.71,
Uganda,UGA,1996.0,5.266653,1091.53,39.0
Uganda,UGA,1997.0,5.32873,1107.5,
Uganda,UGA,1998.0,5.39061,1137.64,
Uganda,UGA,1999.0,5.435796,1185.43,43.0
Uganda,UGA,2000.0,5.45755,1191.95,
Uganda,UGA,2001.0,5.457277,1255.88,
Uganda,UGA,2002.0,5.451291,1301.06,45.2
Uganda,UGA,2003.0,5.441429,1335.03,
Uganda,UGA,2004.0,5.427879,1364.69,
Uganda,UGA,2005.0,5.413234,1451.1,42.9
Uganda,UGA,2006.0,5.388014,1501.39,
Uganda,UGA,2007.0,5.34141,1569.83,
Uganda,UGA,2008.0,5.283417,1679.4,
Uganda,UGA,2009.0,5.228532,1757.39,44.2
Uganda,UGA,2010.0,5.18502,1831.29,
Uganda,UGA,2011.0,5.14784,1890.0,
Uganda,UGA,2012.0,5.110316,1877.0,41.0
Uganda,UGA,2013.0,5.071931,1889.0,
Uganda,UGA,2014.0,5.035458,1923.0,
Uganda,UGA,2015.0,4.996004,1954.0,
Uganda,UGA,2016.0,4.957013,1980.0,42.8
Uganda,UGA,2017.0,4.918028,1991.9,
Ukraine,UKR,1990.0,4.356022,9607.0,
Ukraine,UKR,1991.0,4.375869,8899.1,
Ukraine,UKR,1992.0,4.394591,8130.28,29.7
Ukraine,UKR,1993.0,4.410799,7090.26,28.9
Ukraine,UKR,1994.0,4.422658,5585.41,
Ukraine,UKR,1995.0,4.428593,5024.18,39.3
Ukraine,UKR,1996.0,4.439765,4636.63,35.2
Ukraine,UKR,1997.0,4.461873,4612.4,
Ukraine,UKR,1998.0,4.484227,4640.2,
Ukraine,UKR,1999.0,4.503236,4751.32,
Ukraine,UKR,2000.0,4.507426,5165.81,
Ukraine,UKR,2001.0,4.497791,5793.66,
Ukraine,UKR,2002.0,4.4786,6262.98,29.0
Ukraine,UKR,2003.0,4.455904,7029.57,28.7
Ukraine,UKR,2004.0,4.430855,8049.4,28.9
Ukraine,UKR,2005.0,4.409427,8496.68,29.0
Ukraine,UKR,2006.0,4.373125,9355.99,29.8
Ukraine,UKR,2007.0,4.316905,10355.82,27.0
Ukraine,UKR,2008.0,4.255071,10824.08,26.6
Ukraine,UKR,2009.0,4.200979,9381.23,25.3
Ukraine,UKR,2010.0,4.166986,9601.21,24.8
Ukraine,UKR,2011.0,4.148908,10333.0,24.6
Ukraine,UKR,2012.0,4.13143,10383.0,24.7
Ukraine,UKR,2013.0,4.115222,10404.0,24.6
Ukraine,UKR,2014.0,4.100437,9818.0,24.0
Ukraine,UKR,2015.0,4.090187,8961.0,25.5
Ukraine,UKR,2016.0,4.080101,9214.0,25.0
Ukraine,UKR,2017.0,4.071915,9484.38,26.0
United Arab Emirates,ARE,1990.0,3.057251,22254.0,
United Arab Emirates,ARE,1991.0,3.062559,0.0,
United Arab Emirates,ARE,1992.0,3.065181,0.0,
United Arab Emirates,ARE,1993.0,3.064991,25558.76,
United Arab Emirates,ARE,1994.0,3.063986,28334.58,
United Arab Emirates,ARE,1995.0,3.062633,31239.92,
United Arab Emirates,ARE,1996.0,3.058048,34042.74,
United Arab Emirates,ARE,1997.0,3.050694,38168.47,
United Arab Emirates,ARE,1998.0,3.037637,39667.79,
United Arab Emirates,ARE,1999.0,3.026213,42372.44,
United Arab Emirates,ARE,2000.0,3.016994,48888.03,
United Arab Emirates,ARE,2001.0,3.00851,51263.38,
United Arab Emirates,ARE,2002.0,3.000685,54077.47,
United Arab Emirates,ARE,2003.0,2.991238,59823.27,
United Arab Emirates,ARE,2004.0,2.981863,64925.67,
United Arab Emirates,ARE,2005.0,2.969513,65599.06,
United Arab Emirates,ARE,2006.0,2.954305,67830.93,
United Arab Emirates,ARE,2007.0,2.925635,65412.8,
United Arab Emirates,ARE,2008.0,2.896171,63862.08,
United Arab Emirates,ARE,2009.0,2.86936,58860.54,
United Arab Emirates,ARE,2010.0,2.860907,60112.4,
United Arab Emirates,ARE,2011.0,2.857147,65307.0,
United Arab Emirates,ARE,2012.0,2.853733,68255.0,
United Arab Emirates,ARE,2013.0,2.852341,70791.0,32.5
United Arab Emirates,ARE,2014.0,2.854572,72601.0,32.5
United Arab Emirates,ARE,2015.0,2.859825,74746.0,
United Arab Emirates,ARE,2016.0,2.868621,75876.0,
United Arab Emirates,ARE,2017.0,2.877426,76643.5,
United Kingdom,GBR,1990.0,4.264897,26189.0,
United Kingdom,GBR,1991.0,4.255942,25792.01,35.9
United Kingdom,GBR,1992.0,4.248149,25790.18,
United Kingdom,GBR,1993.0,4.241936,26349.34,
United Kingdom,GBR,1994.0,4.237369,27277.54,36.0
United Kingdom,GBR,1995.0,4.234785,27861.22,35.5
United Kingdom,GBR,1996.0,4.235221,28472.25,35.3
United Kingdom,GBR,1997.0,4.238198,29259.76,35.7
United Kingdom,GBR,1998.0,4.241218,30077.38,36.6
United Kingdom,GBR,1999.0,4.24282,30932.54,36.8
United Kingdom,GBR,2000.0,4.240516,31946.04,39.6
United Kingdom,GBR,2001.0,4.222042,32660.44,37.9
United Kingdom,GBR,2002.0,4.185712,33271.3,35.7
United Kingdom,GBR,2003.0,4.143342,34232.43,35.5
United Kingdom,GBR,2004.0,4.10606,34865.78,36.0
United Kingdom,GBR,2005.0,4.085993,35623.63,34.3
United Kingdom,GBR,2006.0,4.085044,36214.07,34.6
United Kingdom,GBR,2007.0,4.094588,36816.68,35.7
United Kingdom,GBR,2008.0,4.108739,36264.79,34.1
United Kingdom,GBR,2009.0,4.121572,34402.36,34.3
United Kingdom,GBR,2010.0,4.126807,34754.47,34.4
United Kingdom,GBR,2011.0,4.12623,34971.0,33.2
United Kingdom,GBR,2012.0,4.126116,35185.0,32.3
United Kingdom,GBR,2013.0,4.125825,35618.0,33.2
United Kingdom,GBR,2014.0,4.125316,36436.0,34.0
United Kingdom,GBR,2015.0,4.124435,36941.0,33.2
United Kingdom,GBR,2016.0,4.122485,37334.0,34.8
United Kingdom,GBR,2017.0,4.119524,37782.83,35.1
United States,USA,1990.0,4.677591,36982.0,
United States,USA,1991.0,4.660871,36463.96,38.0
United States,USA,1992.0,4.651949,37240.3,38.4
United States,USA,1993.0,4.648701,37761.54,40.4
United States,USA,1994.0,4.649294,38807.28,40.0
United States,USA,1995.0,4.650869,39390.63,39.9
United States,USA,1996.0,4.662902,40412.75,40.3
United States,USA,1997.0,4.689154,41722.67,40.5
United States,USA,1998.0,4.720716,43072.76,40.0
United States,USA,1999.0,4.749991,44575.85,40.0
United States,USA,2000.0,4.766992,45886.47,40.1
United States,USA,2001.0,4.774031,45878.01,40.6
United States,USA,2002.0,4.778244,46266.3,40.4
United States,USA,2003.0,4.78168,47158.0,40.8
United States,USA,2004.0,4.785232,48492.72,40.3
United States,USA,2005.0,4.791258,49654.76,41.0
United States,USA,2006.0,4.793213,50489.86,41.4
United States,USA,2007.0,4.786623,50901.74,40.8
United States,USA,2008.0,4.776402,50275.75,40.8
United States,USA,2009.0,4.76595,48452.93,40.6
United States,USA,2010.0,4.761551,49266.92,40.0
United States,USA,2011.0,4.762322,49675.0,40.9
United States,USA,2012.0,4.765481,50394.0,40.9
United States,USA,2013.0,4.772422,50863.0,40.7
United States,USA,2014.0,4.782222,51664.0,41.5
United States,USA,2015.0,4.795954,52591.0,41.2
United States,USA,2016.0,4.813114,53015.0,41.1
United States,USA,2017.0,4.83561,54007.77,41.2
Uruguay,URY,1990.0,3.298194,10305.0,
Uruguay,URY,1991.0,3.293987,10586.41,
Uruguay,URY,1992.0,3.294899,11349.54,41.5
Uruguay,URY,1993.0,3.296074,11581.7,
Uruguay,URY,1994.0,3.300926,12344.15,
Uruguay,URY,1995.0,3.307213,12092.64,40.9
Uruguay,URY,1996.0,3.320422,12660.16,40.8
Uruguay,URY,1997.0,3.341016,13226.48,41.5
Uruguay,URY,1998.0,3.366075,13744.32,42.5
Uruguay,URY,1999.0,3.389669,13348.76,
Uruguay,URY,2000.0,3.408121,13050.06,42.9
Uruguay,URY,2001.0,3.42275,12463.92,45.0
Uruguay,URY,2002.0,3.436706,11399.58,45.5
Uruguay,URY,2003.0,3.450324,11438.69,45.0
Uruguay,URY,2004.0,3.463541,11955.31,45.9
Uruguay,URY,2005.0,3.475189,12757.5,44.7
Uruguay,URY,2006.0,3.484572,13223.78,45.9
Uruguay,URY,2007.0,3.494911,13976.39,46.4
Uruguay,URY,2008.0,3.505361,14869.93,45.1
Uruguay,URY,2009.0,3.514906,15144.0,45.5
Uruguay,URY,2010.0,3.522626,16415.63,44.5
Uruguay,URY,2011.0,3.531081,17211.0,42.2
Uruguay,URY,2012.0,3.542724,17876.0,39.9
Uruguay,URY,2013.0,3.555894,18589.0,40.5
Uruguay,URY,2014.0,3.57016,19160.0,40.1
Uruguay,URY,2015.0,3.585183,19244.0,40.1
Uruguay,URY,2016.0,3.600303,19468.0,39.7
Uruguay,URY,2017.0,3.617574,19918.14,39.5
Uzbekistan,UZB,1990.0,2.952192,6790.0,
Uzbekistan,UZB,1991.0,2.954978,6485.53,
Uzbekistan,UZB,1992.0,2.957768,5530.48,
Uzbekistan,UZB,1993.0,2.960464,5193.46,
Uzbekistan,UZB,1994.0,2.960554,4744.46,
Uzbekistan,UZB,1995.0,2.959508,4535.26,
Uzbekistan,UZB,1996.0,2.956909,4452.88,
Uzbekistan,UZB,1997.0,2.954412,4529.33,
Uzbekistan,UZB,1998.0,2.950726,4575.99,44.7
Uzbekistan,UZB,1999.0,2.947649,4630.65,
Uzbekistan,UZB,2000.0,2.942993,4667.26,36.1
Uzbekistan,UZB,2001.0,2.938543,4725.25,
Uzbekistan,UZB,2002.0,2.934647,4777.29,33.0
Uzbekistan,UZB,2003.0,2.929906,4844.73,35.3
Uzbekistan,UZB,2004.0,2.924568,5068.21,
Uzbekistan,UZB,2005.0,2.919469,5284.0,
Uzbekistan,UZB,2006.0,2.914497,5535.12,
Uzbekistan,UZB,2007.0,2.906118,5908.0,
Uzbekistan,UZB,2008.0,2.897034,6278.27,
Uzbekistan,UZB,2009.0,2.887711,6618.1,
Uzbekistan,UZB,2010.0,2.885599,7002.86,
Uzbekistan,UZB,2011.0,2.884706,7396.0,
Uzbekistan,UZB,2012.0,2.884506,7928.0,
Uzbekistan,UZB,2013.0,2.882817,8482.0,
Uzbekistan,UZB,2014.0,2.884324,9085.0,
Uzbekistan,UZB,2015.0,2.884098,9720.0,
Uzbekistan,UZB,2016.0,2.88586,10381.0,
Uzbekistan,UZB,2017.0,2.886924,10743.87,
Venezuela,VEN,1990.0,2.771849,13251.0,
Venezuela,VEN,1991.0,2.780396,14274.53,
Venezuela,VEN,1992.0,2.789456,14901.62,
Venezuela,VEN,1993.0,2.798612,14693.9,
Venezuela,VEN,1994.0,2.804571,14129.28,
Venezuela,VEN,1995.0,2.811052,14448.28,
Venezuela,VEN,1996.0,2.813966,14211.81,
Venezuela,VEN,1997.0,2.813494,14894.34,
Venezuela,VEN,1998.0,2.811193,14739.05,
Venezuela,VEN,1999.0,2.808508,13669.48,
Venezuela,VEN,2000.0,2.807252,13992.61,
Venezuela,VEN,2001.0,2.806135,14298.04,
Venezuela,VEN,2002.0,2.803067,12856.05,
Venezuela,VEN,2003.0,2.798702,11728.18,
Venezuela,VEN,2004.0,2.795908,13713.05,
Venezuela,VEN,2005.0,2.793873,14944.34,
Venezuela,VEN,2006.0,2.79352,16253.69,
Venezuela,VEN,2007.0,2.794814,17386.09,
Venezuela,VEN,2008.0,2.797125,18019.09,
Venezuela,VEN,2009.0,2.799687,17242.94,
Venezuela,VEN,2010.0,2.801683,17105.58,
Venezuela,VEN,2011.0,2.803582,17746.0,
Venezuela,VEN,2012.0,2.806173,18549.0,
Venezuela,VEN,2013.0,2.807489,21429.0,
Venezuela,VEN,2014.0,2.810428,20317.0,
Venezuela,VEN,2015.0,2.811889,18802.0,
Venezuela,VEN,2016.0,2.813069,15219.0,
Venezuela,VEN,2017.0,2.814584,12879.14,
Vietnam,VNM,1990.0,2.919093,1634.0,
Vietnam,VNM,1991.0,2.918349,1688.16,
Vietnam,VNM,1992.0,2.91875,1792.67,35.7
Vietnam,VNM,1993.0,2.918466,1894.86,
Vietnam,VNM,1994.0,2.919505,2018.35,
Vietnam,VNM,1995.0,2.919847,2167.04,
Vietnam,VNM,1996.0,2.919639,2323.05,
Vietnam,VNM,1997.0,2.921794,2466.87,35.4
Vietnam,VNM,1998.0,2.925502,2564.28,35.4
Vietnam,VNM,1999.0,2.929882,2641.35,
Vietnam,VNM,2000.0,2.929392,2773.1,
Vietnam,VNM,2001.0,2.929637,2915.69,
Vietnam,VNM,2002.0,2.927853,3070.69,37.0
Vietnam,VNM,2003.0,2.926208,3242.29,
Vietnam,VNM,2004.0,2.924382,3437.66,36.8
Vietnam,VNM,2005.0,2.923107,3637.66,
Vietnam,VNM,2006.0,2.918925,3828.91,35.8
Vietnam,VNM,2007.0,2.91297,4037.23,
Vietnam,VNM,2008.0,2.907162,4200.24,35.6
Vietnam,VNM,2009.0,2.901149,4360.06,
Vietnam,VNM,2010.0,2.896072,4571.85,39.3
Vietnam,VNM,2011.0,2.89142,4786.0,
Vietnam,VNM,2012.0,2.888482,4984.0,35.6
Vietnam,VNM,2013.0,2.884934,5200.0,
Vietnam,VNM,2014.0,2.882767,5455.0,34.8
Vietnam,VNM,2015.0,2.88175,5763.0,
Vietnam,VNM,2016.0,2.879813,6062.0,35.3
Vietnam,VNM,2017.0,2.87945,6422.09,
Western Europe,,1990.0,4.114104,25440.04,
Western Europe,,2000.0,3.954296,32536.31,
Western Europe,,2010.0,3.936471,37318.37,
Western Europe,,2016.0,3.926697,38511.33,
Western Europe,,2017.0,3.924404,39256.53,
World,OWID_WRL,1990.0,3.541656,8222.48,
World,OWID_WRL,2000.0,3.533869,9914.57,
World,OWID_WRL,2010.0,3.444114,13179.5,
World,OWID_WRL,2016.0,3.439675,14700.37,
World,OWID_WRL,2017.0,3.441087,14944.09,
Yemen,YEM,1990.0,3.963537,3622.0,
Yemen,YEM,1991.0,3.97161,3661.92,
Yemen,YEM,1992.0,3.978931,3759.72,
Yemen,YEM,1993.0,3.986823,3712.34,
Yemen,YEM,1994.0,3.990333,3775.07,
Yemen,YEM,1995.0,3.994066,3823.32,
Yemen,YEM,1996.0,3.996324,3855.57,
Yemen,YEM,1997.0,3.998025,3927.68,
Yemen,YEM,1998.0,4.000884,4044.15,
Yemen,YEM,1999.0,4.003533,4080.22,
Yemen,YEM,2000.0,4.005481,4212.11,
Yemen,YEM,2001.0,4.006842,4249.03,
Yemen,YEM,2002.0,4.005559,4292.1,
Yemen,YEM,2003.0,4.007766,4326.51,
Yemen,YEM,2004.0,4.008889,4371.4,
Yemen,YEM,2005.0,4.010933,4485.58,
Yemen,YEM,2006.0,4.012598,4497.26,
Yemen,YEM,2007.0,4.014557,4516.14,
Yemen,YEM,2008.0,4.017453,4549.01,
Yemen,YEM,2009.0,4.018842,4593.54,
Yemen,YEM,2010.0,4.019585,4812.35,
Yemen,YEM,2011.0,4.020309,4088.0,
Yemen,YEM,2012.0,4.020546,4077.0,
Yemen,YEM,2013.0,4.020945,4165.0,
Yemen,YEM,2014.0,4.018785,4054.0,
Yemen,YEM,2015.0,4.017056,2844.0,
Yemen,YEM,2016.0,4.01595,2506.0,
Yemen,YEM,2017.0,4.012346,2321.92,
Zambia,ZMB,1990.0,3.565275,1285.0,
Zambia,ZMB,1991.0,3.589068,1279.75,60.5
Zambia,ZMB,1992.0,3.606755,1308.85,
Zambia,ZMB,1993.0,3.618807,1312.34,52.6
Zambia,ZMB,1994.0,3.626772,1142.2,
Zambia,ZMB,1995.0,3.62918,1180.94,
Zambia,ZMB,1996.0,3.617548,1260.73,48.3
Zambia,ZMB,1997.0,3.5915,1311.36,
Zambia,ZMB,1998.0,3.558668,1308.95,49.1
Zambia,ZMB,1999.0,3.528517,1373.85,
Zambia,ZMB,2000.0,3.514953,1428.5,
Zambia,ZMB,2001.0,3.513619,1504.45,
Zambia,ZMB,2002.0,3.516777,1579.02,42.1
Zambia,ZMB,2003.0,3.520455,1698.55,
Zambia,ZMB,2004.0,3.525425,1828.31,54.3
Zambia,ZMB,2005.0,3.526671,1970.02,
Zambia,ZMB,2006.0,3.521494,2133.59,54.6
Zambia,ZMB,2007.0,3.514192,2318.63,
Zambia,ZMB,2008.0,3.505341,2504.76,
Zambia,ZMB,2009.0,3.498901,2743.32,
Zambia,ZMB,2010.0,3.497006,3032.07,55.6
Zambia,ZMB,2011.0,3.500889,3205.0,
Zambia,ZMB,2012.0,3.512903,3350.0,
Zambia,ZMB,2013.0,3.529947,3419.0,
Zambia,ZMB,2014.0,3.552409,3478.0,
Zambia,ZMB,2015.0,3.576608,3478.0,57.1
Zambia,ZMB,2016.0,3.608843,3479.0,
Zambia,ZMB,2017.0,3.641811,3497.58,
Zimbabwe,ZWE,1990.0,3.040364,2160.0,
Zimbabwe,ZWE,1991.0,3.060225,2222.26,
Zimbabwe,ZWE,1992.0,3.077426,1971.45,
Zimbabwe,ZWE,1993.0,3.089601,1948.91,
Zimbabwe,ZWE,1994.0,3.100224,2110.71,
Zimbabwe,ZWE,1995.0,3.107312,2102.86,
Zimbabwe,ZWE,1996.0,3.105739,2292.49,
Zimbabwe,ZWE,1997.0,3.094765,2326.54,
Zimbabwe,ZWE,1998.0,3.083283,2369.02,
Zimbabwe,ZWE,1999.0,3.074554,2323.01,
Zimbabwe,ZWE,2000.0,3.069722,2211.2,
Zimbabwe,ZWE,2001.0,3.072727,2193.74,
Zimbabwe,ZWE,2002.0,3.080942,2025.32,
Zimbabwe,ZWE,2003.0,3.089274,1700.96,
Zimbabwe,ZWE,2004.0,3.096351,1604.5,
Zimbabwe,ZWE,2005.0,3.102648,1496.03,
Zimbabwe,ZWE,2006.0,3.10497,1455.73,
Zimbabwe,ZWE,2007.0,3.104822,1422.16,
Zimbabwe,ZWE,2008.0,3.103491,1197.53,
Zimbabwe,ZWE,2009.0,3.10252,1285.05,
Zimbabwe,ZWE,2010.0,3.105459,1401.86,
Zimbabwe,ZWE,2011.0,3.109526,1515.0,43.2
Zimbabwe,ZWE,2012.0,3.118072,1604.0,
Zimbabwe,ZWE,2013.0,3.128192,1604.0,
Zimbabwe,ZWE,2014.0,3.14029,1594.0,
Zimbabwe,ZWE,2015.0,3.15571,1560.0,
Zimbabwe,ZWE,2016.0,3.174134,1534.0,
Zimbabwe,ZWE,2017.0,3.192789,1582.37,44.3
